-- phpMyAdmin SQL Dump
-- version 5.0.1
-- https://www.phpmyadmin.net/
--
-- Host: 127.0.0.1
-- Generation Time: May 14, 2020 at 04:20 PM
-- Server version: 10.4.11-MariaDB
-- PHP Version: 7.4.3

SET SQL_MODE = "NO_AUTO_VALUE_ON_ZERO";
SET AUTOCOMMIT = 0;
START TRANSACTION;
SET time_zone = "+00:00";


/*!40101 SET @OLD_CHARACTER_SET_CLIENT=@@CHARACTER_SET_CLIENT */;
/*!40101 SET @OLD_CHARACTER_SET_RESULTS=@@CHARACTER_SET_RESULTS */;
/*!40101 SET @OLD_COLLATION_CONNECTION=@@COLLATION_CONNECTION */;
/*!40101 SET NAMES utf8mb4 */;

--
-- Database: `mvs`
--

-- --------------------------------------------------------

--
-- Table structure for table `angebote`
--

CREATE TABLE `angebote` (
  `id` int(10) NOT NULL,
  `teildarlehen` varchar(191) COLLATE utf8mb4_unicode_ci DEFAULT NULL,
  `darlehensbetrag` varchar(191) COLLATE utf8mb4_unicode_ci DEFAULT NULL,
  `sollzinsbindung` int(11) DEFAULT NULL,
  `sollzinssatz` int(11) DEFAULT NULL,
  `eff_jahreszins_pangv` int(11) DEFAULT NULL,
  `kaufpreis` varchar(191) COLLATE utf8mb4_unicode_ci DEFAULT NULL,
  `kostenumbau` varchar(191) COLLATE utf8mb4_unicode_ci DEFAULT NULL,
  `kostennotar` varchar(191) COLLATE utf8mb4_unicode_ci DEFAULT NULL,
  `grunderwerbssteuer` varchar(191) COLLATE utf8mb4_unicode_ci DEFAULT NULL,
  `maklerkosten` varchar(191) COLLATE utf8mb4_unicode_ci DEFAULT NULL,
  `gesamtkosten` varchar(191) COLLATE utf8mb4_unicode_ci DEFAULT NULL,
  `eigenkapital` varchar(191) COLLATE utf8mb4_unicode_ci DEFAULT NULL,
  `finanzierungsbedarf` varchar(191) COLLATE utf8mb4_unicode_ci DEFAULT NULL,
  `pdf_name` varchar(255) COLLATE utf8mb4_unicode_ci DEFAULT NULL,
  `customer_id` int(10) DEFAULT NULL,
  `created_at` timestamp NOT NULL DEFAULT current_timestamp()
) ENGINE=InnoDB DEFAULT CHARSET=utf8mb4 COLLATE=utf8mb4_unicode_ci ROW_FORMAT=DYNAMIC;

--
-- Dumping data for table `angebote`
--

INSERT INTO `angebote` (`id`, `teildarlehen`, `darlehensbetrag`, `sollzinsbindung`, `sollzinssatz`, `eff_jahreszins_pangv`, `kaufpreis`, `kostenumbau`, `kostennotar`, `grunderwerbssteuer`, `maklerkosten`, `gesamtkosten`, `eigenkapital`, `finanzierungsbedarf`, `pdf_name`, `customer_id`, `created_at`) VALUES
(466, NULL, NULL, NULL, NULL, NULL, NULL, NULL, NULL, NULL, NULL, NULL, NULL, NULL, '466.pdf', 1, '2020-04-03 07:26:11'),
(467, NULL, NULL, NULL, NULL, NULL, NULL, NULL, NULL, NULL, NULL, NULL, NULL, NULL, '467.pdf', 1, '2020-04-03 07:26:11'),
(468, NULL, NULL, NULL, NULL, NULL, NULL, NULL, NULL, NULL, NULL, NULL, NULL, NULL, '468.pdf', 1, '2020-04-03 07:26:11'),
(469, NULL, NULL, NULL, NULL, NULL, NULL, NULL, NULL, NULL, NULL, NULL, NULL, NULL, '469.pdf', 1, '2020-04-03 07:26:11'),
(470, NULL, NULL, NULL, NULL, NULL, NULL, NULL, NULL, NULL, NULL, NULL, NULL, NULL, '470.pdf', 1, '2020-04-03 07:26:11'),
(471, NULL, NULL, NULL, NULL, NULL, NULL, NULL, NULL, NULL, NULL, NULL, NULL, NULL, '471.pdf', 1, '2020-04-03 07:26:11'),
(472, NULL, NULL, NULL, NULL, NULL, NULL, NULL, NULL, NULL, NULL, NULL, NULL, NULL, '472.pdf', 1, '2020-04-03 07:26:11'),
(473, NULL, NULL, NULL, NULL, NULL, NULL, NULL, NULL, NULL, NULL, NULL, NULL, NULL, '473.pdf', 1, '2020-04-03 07:26:11'),
(474, NULL, NULL, NULL, NULL, NULL, NULL, NULL, NULL, NULL, NULL, NULL, NULL, NULL, '474.pdf', 1, '2020-04-03 07:26:11'),
(475, NULL, NULL, NULL, NULL, NULL, NULL, NULL, NULL, NULL, NULL, NULL, NULL, NULL, '475.pdf', 1, '2020-04-03 07:26:11'),
(476, NULL, NULL, NULL, NULL, NULL, NULL, NULL, NULL, NULL, NULL, NULL, NULL, NULL, '476.pdf', 1, '2020-04-03 07:26:11'),
(477, NULL, NULL, NULL, NULL, NULL, NULL, NULL, NULL, NULL, NULL, NULL, NULL, NULL, '477.pdf', 1, '2020-04-03 07:26:11'),
(478, NULL, NULL, NULL, NULL, NULL, NULL, NULL, NULL, NULL, NULL, NULL, NULL, NULL, '478.pdf', 1, '2020-04-03 07:26:11'),
(479, NULL, NULL, NULL, NULL, NULL, NULL, NULL, NULL, NULL, NULL, NULL, NULL, NULL, '479.pdf', 1, '2020-04-03 07:26:11'),
(480, NULL, NULL, NULL, NULL, NULL, NULL, NULL, NULL, NULL, NULL, NULL, NULL, NULL, '480.pdf', 1, '2020-04-03 07:26:11'),
(481, NULL, NULL, NULL, NULL, NULL, NULL, NULL, NULL, NULL, NULL, NULL, NULL, NULL, '481.pdf', 1, '2020-04-03 07:26:11'),
(482, NULL, NULL, NULL, NULL, NULL, NULL, NULL, NULL, NULL, NULL, NULL, NULL, NULL, '482.pdf', 1, '2020-04-03 07:26:11'),
(483, NULL, NULL, NULL, NULL, NULL, NULL, NULL, NULL, NULL, NULL, NULL, NULL, NULL, '483.pdf', 1, '2020-04-03 07:26:11'),
(484, NULL, NULL, NULL, NULL, NULL, NULL, NULL, NULL, NULL, NULL, NULL, NULL, NULL, '484.pdf', 1, '2020-04-03 07:26:11'),
(485, NULL, NULL, NULL, NULL, NULL, NULL, NULL, NULL, NULL, NULL, NULL, NULL, NULL, '485.pdf', 1, '2020-04-03 07:26:11'),
(486, NULL, NULL, NULL, NULL, NULL, NULL, NULL, NULL, NULL, NULL, NULL, NULL, NULL, '486.pdf', 1, '2020-04-03 07:26:11'),
(487, NULL, NULL, NULL, NULL, NULL, NULL, NULL, NULL, NULL, NULL, NULL, NULL, NULL, '487.pdf', 1, '2020-04-03 07:26:11'),
(488, NULL, NULL, NULL, NULL, NULL, NULL, NULL, NULL, NULL, NULL, NULL, NULL, NULL, '488.pdf', 1, '2020-04-03 07:26:11'),
(489, NULL, NULL, NULL, NULL, NULL, NULL, NULL, NULL, NULL, NULL, NULL, NULL, NULL, '489.pdf', 1, '2020-04-03 07:26:11'),
(490, NULL, NULL, NULL, NULL, NULL, NULL, NULL, NULL, NULL, NULL, NULL, NULL, NULL, '490.pdf', 1, '2020-04-03 07:26:11'),
(491, NULL, NULL, NULL, NULL, NULL, NULL, NULL, NULL, NULL, NULL, NULL, NULL, NULL, '491.pdf', 1, '2020-04-03 07:26:11'),
(492, NULL, NULL, NULL, NULL, NULL, NULL, NULL, NULL, NULL, NULL, NULL, NULL, NULL, '492.pdf', 1, '2020-04-03 07:26:11'),
(493, NULL, NULL, NULL, NULL, NULL, NULL, NULL, NULL, NULL, NULL, NULL, NULL, NULL, '493.pdf', 1, '2020-04-03 07:26:11'),
(494, NULL, NULL, NULL, NULL, NULL, NULL, NULL, NULL, NULL, NULL, NULL, NULL, NULL, '494.pdf', 1, '2020-04-03 07:26:11'),
(495, NULL, NULL, NULL, NULL, NULL, NULL, NULL, NULL, NULL, NULL, NULL, NULL, NULL, '495.pdf', 1, '2020-04-03 07:26:11'),
(496, NULL, NULL, NULL, NULL, NULL, NULL, NULL, NULL, NULL, NULL, NULL, NULL, NULL, '496.pdf', 1, '2020-04-03 07:26:11'),
(497, NULL, NULL, NULL, NULL, NULL, NULL, NULL, NULL, NULL, NULL, NULL, NULL, NULL, '497.pdf', 1, '2020-04-03 07:26:11'),
(498, NULL, NULL, NULL, NULL, NULL, NULL, NULL, NULL, NULL, NULL, NULL, NULL, NULL, '498.pdf', 1, '2020-04-03 07:26:11'),
(499, NULL, NULL, NULL, NULL, NULL, NULL, NULL, NULL, NULL, NULL, NULL, NULL, NULL, '499.pdf', 1, '2020-04-03 07:26:11'),
(500, NULL, NULL, NULL, NULL, NULL, NULL, NULL, NULL, NULL, NULL, NULL, NULL, NULL, '500.pdf', 1, '2020-04-03 07:26:11'),
(501, NULL, NULL, NULL, NULL, NULL, NULL, NULL, NULL, NULL, NULL, NULL, NULL, NULL, '501.pdf', 1, '2020-04-03 07:26:11'),
(502, NULL, NULL, NULL, NULL, NULL, NULL, NULL, NULL, NULL, NULL, NULL, NULL, NULL, '502.pdf', 1, '2020-04-03 07:26:11'),
(503, NULL, NULL, NULL, NULL, NULL, NULL, NULL, NULL, NULL, NULL, NULL, NULL, NULL, '503.pdf', 1, '2020-04-03 07:26:11'),
(504, NULL, NULL, NULL, NULL, NULL, NULL, NULL, NULL, NULL, NULL, NULL, NULL, NULL, '504.pdf', 1, '2020-04-03 07:26:11'),
(505, NULL, NULL, NULL, NULL, NULL, NULL, NULL, NULL, NULL, NULL, NULL, NULL, NULL, '505.pdf', 1, '2020-04-03 07:26:11'),
(506, NULL, NULL, NULL, NULL, NULL, NULL, NULL, NULL, NULL, NULL, NULL, NULL, NULL, '506.pdf', 1, '2020-04-03 07:26:11'),
(507, NULL, NULL, NULL, NULL, NULL, NULL, NULL, NULL, NULL, NULL, NULL, NULL, NULL, '507.pdf', 1, '2020-04-03 07:26:11'),
(508, NULL, NULL, NULL, NULL, NULL, NULL, NULL, NULL, NULL, NULL, NULL, NULL, NULL, '508.pdf', 1, '2020-04-03 07:26:11'),
(509, NULL, NULL, NULL, NULL, NULL, NULL, NULL, NULL, NULL, NULL, NULL, NULL, NULL, '509.pdf', 1, '2020-04-03 07:26:11'),
(510, NULL, NULL, NULL, NULL, NULL, NULL, NULL, NULL, NULL, NULL, NULL, NULL, NULL, '510.pdf', 1, '2020-04-03 07:26:11'),
(511, NULL, NULL, NULL, NULL, NULL, NULL, NULL, NULL, NULL, NULL, NULL, NULL, NULL, '511.pdf', 1, '2020-04-03 07:26:11'),
(512, NULL, NULL, NULL, NULL, NULL, NULL, NULL, NULL, NULL, NULL, NULL, NULL, NULL, '512.pdf', 1, '2020-04-03 07:26:11'),
(513, NULL, NULL, NULL, NULL, NULL, NULL, NULL, NULL, NULL, NULL, NULL, NULL, NULL, '513.pdf', 1, '2020-04-03 07:26:11'),
(514, NULL, NULL, NULL, NULL, NULL, NULL, NULL, NULL, NULL, NULL, NULL, NULL, NULL, '514.pdf', 1, '2020-04-03 07:26:11'),
(515, NULL, NULL, NULL, NULL, NULL, NULL, NULL, NULL, NULL, NULL, NULL, NULL, NULL, '515.pdf', 1, '2020-04-03 07:26:11'),
(516, NULL, NULL, NULL, NULL, NULL, NULL, NULL, NULL, NULL, NULL, NULL, NULL, NULL, '516.pdf', 1, '2020-04-03 07:26:11'),
(517, NULL, NULL, NULL, NULL, NULL, NULL, NULL, NULL, NULL, NULL, NULL, NULL, NULL, '517.pdf', 1, '2020-04-03 07:26:11'),
(518, NULL, NULL, NULL, NULL, NULL, NULL, NULL, NULL, NULL, NULL, NULL, NULL, NULL, '518.pdf', 1, '2020-04-03 07:26:11'),
(519, NULL, NULL, NULL, NULL, NULL, NULL, NULL, NULL, NULL, NULL, NULL, NULL, NULL, '519.pdf', 1, '2020-04-03 07:26:11'),
(520, NULL, NULL, NULL, NULL, NULL, NULL, NULL, NULL, NULL, NULL, NULL, NULL, NULL, '520.pdf', 1, '2020-04-03 07:26:11'),
(521, NULL, NULL, NULL, NULL, NULL, NULL, NULL, NULL, NULL, NULL, NULL, NULL, NULL, '521.pdf', 1, '2020-04-03 07:26:11'),
(522, NULL, NULL, NULL, NULL, NULL, NULL, NULL, NULL, NULL, NULL, NULL, NULL, NULL, '522.pdf', 1, '2020-04-03 07:26:11'),
(523, NULL, NULL, NULL, NULL, NULL, NULL, NULL, NULL, NULL, NULL, NULL, NULL, NULL, '523.pdf', 1, '2020-04-03 07:26:11'),
(524, NULL, NULL, NULL, NULL, NULL, NULL, NULL, NULL, NULL, NULL, NULL, NULL, NULL, '524.pdf', 1, '2020-04-03 07:26:11'),
(525, NULL, NULL, NULL, NULL, NULL, NULL, NULL, NULL, NULL, NULL, NULL, NULL, NULL, '525.pdf', 1, '2020-04-03 07:26:11'),
(526, NULL, NULL, NULL, NULL, NULL, NULL, NULL, NULL, NULL, NULL, NULL, NULL, NULL, '526.pdf', 1, '2020-04-03 07:26:11'),
(527, NULL, NULL, NULL, NULL, NULL, NULL, NULL, NULL, NULL, NULL, NULL, NULL, NULL, '527.pdf', 1, '2020-04-03 07:26:11'),
(528, NULL, NULL, NULL, NULL, NULL, NULL, NULL, NULL, NULL, NULL, NULL, NULL, NULL, '528.pdf', 1, '2020-04-03 07:26:11'),
(529, NULL, NULL, NULL, NULL, NULL, NULL, NULL, NULL, NULL, NULL, NULL, NULL, NULL, '529.pdf', 1, '2020-04-03 07:26:11'),
(530, NULL, NULL, NULL, NULL, NULL, NULL, NULL, NULL, NULL, NULL, NULL, NULL, NULL, '530.pdf', 1, '2020-04-03 07:26:11'),
(531, NULL, NULL, NULL, NULL, NULL, NULL, NULL, NULL, NULL, NULL, NULL, NULL, NULL, '531.pdf', 1, '2020-04-03 07:26:11'),
(532, NULL, NULL, NULL, NULL, NULL, NULL, NULL, NULL, NULL, NULL, NULL, NULL, NULL, '532.pdf', 1, '2020-04-03 07:26:11'),
(533, NULL, NULL, NULL, NULL, NULL, NULL, NULL, NULL, NULL, NULL, NULL, NULL, NULL, '533.pdf', 1, '2020-04-03 07:26:11'),
(534, NULL, NULL, NULL, NULL, NULL, NULL, NULL, NULL, NULL, NULL, NULL, NULL, NULL, '534.pdf', 1, '2020-04-03 07:26:11'),
(537, NULL, NULL, NULL, NULL, NULL, NULL, NULL, NULL, NULL, NULL, NULL, NULL, NULL, '535.pdf', 1, '2020-04-04 06:58:23'),
(538, NULL, NULL, NULL, NULL, NULL, NULL, NULL, NULL, NULL, NULL, NULL, NULL, NULL, '538.pdf', 1, '2020-04-04 11:09:33'),
(539, NULL, NULL, NULL, NULL, NULL, NULL, NULL, NULL, NULL, NULL, NULL, NULL, NULL, '539.pdf', 1, '2020-04-04 11:11:39'),
(540, NULL, NULL, NULL, NULL, NULL, NULL, NULL, NULL, NULL, NULL, NULL, NULL, NULL, '540.pdf', 1, '2020-04-04 11:17:48'),
(541, NULL, NULL, NULL, NULL, NULL, NULL, NULL, NULL, NULL, NULL, NULL, NULL, NULL, '541.pdf', 1, '2020-04-04 11:18:37'),
(542, NULL, NULL, NULL, NULL, NULL, NULL, NULL, NULL, NULL, NULL, NULL, NULL, NULL, '542.pdf', 1, '2020-04-04 11:20:59'),
(543, NULL, NULL, NULL, NULL, NULL, NULL, NULL, NULL, NULL, NULL, NULL, NULL, NULL, '543.pdf', 1, '2020-04-04 11:22:24'),
(544, NULL, NULL, NULL, NULL, NULL, NULL, NULL, NULL, NULL, NULL, NULL, NULL, NULL, '544.pdf', 1, '2020-04-08 11:32:56'),
(545, NULL, NULL, NULL, NULL, NULL, NULL, NULL, NULL, NULL, NULL, NULL, NULL, NULL, '545.pdf', 1, '2020-04-08 11:43:18'),
(546, NULL, NULL, NULL, NULL, NULL, NULL, NULL, NULL, NULL, NULL, NULL, NULL, NULL, '546.pdf', 1, '2020-04-08 11:45:21'),
(547, NULL, NULL, NULL, NULL, NULL, NULL, NULL, NULL, NULL, NULL, NULL, NULL, NULL, '547.pdf', 1, '2020-04-08 11:47:11'),
(548, NULL, NULL, NULL, NULL, NULL, NULL, NULL, NULL, NULL, NULL, NULL, NULL, NULL, '548.pdf', 1, '2020-04-08 11:48:19'),
(549, NULL, NULL, NULL, NULL, NULL, NULL, NULL, NULL, NULL, NULL, NULL, NULL, NULL, '549.pdf', 1, '2020-04-08 11:49:24'),
(550, NULL, NULL, NULL, NULL, NULL, NULL, NULL, NULL, NULL, NULL, NULL, NULL, NULL, '550.pdf', 1, '2020-04-08 11:49:53'),
(551, NULL, NULL, NULL, NULL, NULL, NULL, NULL, NULL, NULL, NULL, NULL, NULL, NULL, '551.pdf', 1, '2020-04-08 11:50:56'),
(552, NULL, NULL, NULL, NULL, NULL, NULL, NULL, NULL, NULL, NULL, NULL, NULL, NULL, '552.pdf', 1, '2020-04-08 11:51:26'),
(553, NULL, NULL, NULL, NULL, NULL, NULL, NULL, NULL, NULL, NULL, NULL, NULL, NULL, '553.pdf', 1, '2020-04-08 11:52:58'),
(554, NULL, NULL, NULL, NULL, NULL, NULL, NULL, NULL, NULL, NULL, NULL, NULL, NULL, '554.pdf', 1, '2020-04-08 11:54:17'),
(555, NULL, NULL, NULL, NULL, NULL, NULL, NULL, NULL, NULL, NULL, NULL, NULL, NULL, '555.pdf', 1, '2020-04-08 12:10:21'),
(556, NULL, NULL, NULL, NULL, NULL, NULL, NULL, NULL, NULL, NULL, NULL, NULL, NULL, '556.pdf', 1, '2020-04-08 12:12:41'),
(557, NULL, NULL, NULL, NULL, NULL, NULL, NULL, NULL, NULL, NULL, NULL, NULL, NULL, '557.pdf', 1, '2020-04-08 12:14:07'),
(558, NULL, NULL, NULL, NULL, NULL, NULL, NULL, NULL, NULL, NULL, NULL, NULL, NULL, '558.pdf', 1, '2020-04-08 12:18:38'),
(559, NULL, NULL, NULL, NULL, NULL, NULL, NULL, NULL, NULL, NULL, NULL, NULL, NULL, '559.pdf', 1, '2020-04-08 12:22:51'),
(560, NULL, NULL, NULL, NULL, NULL, NULL, NULL, NULL, NULL, NULL, NULL, NULL, NULL, '560.pdf', 1, '2020-04-08 12:23:44'),
(561, NULL, NULL, NULL, NULL, NULL, NULL, NULL, NULL, NULL, NULL, NULL, NULL, NULL, '561.pdf', 1, '2020-04-08 12:34:21'),
(562, NULL, NULL, NULL, NULL, NULL, NULL, NULL, NULL, NULL, NULL, NULL, NULL, NULL, '562.pdf', 1, '2020-04-08 12:35:31'),
(563, NULL, NULL, NULL, NULL, NULL, NULL, NULL, NULL, NULL, NULL, NULL, NULL, NULL, '563.pdf', 1, '2020-04-08 12:37:19'),
(564, NULL, NULL, NULL, NULL, NULL, NULL, NULL, NULL, NULL, NULL, NULL, NULL, NULL, '564.pdf', 1, '2020-04-08 12:38:34'),
(565, NULL, NULL, NULL, NULL, NULL, NULL, NULL, NULL, NULL, NULL, NULL, NULL, NULL, '565.pdf', 1, '2020-04-08 12:45:29'),
(566, NULL, NULL, NULL, NULL, NULL, NULL, NULL, NULL, NULL, NULL, NULL, NULL, NULL, '566.pdf', 1, '2020-04-08 12:59:15'),
(567, NULL, NULL, NULL, NULL, NULL, NULL, NULL, NULL, NULL, NULL, NULL, NULL, NULL, '567.pdf', 1, '2020-04-08 13:06:49'),
(568, NULL, NULL, NULL, NULL, NULL, NULL, NULL, NULL, NULL, NULL, NULL, NULL, NULL, '568.pdf', 1, '2020-04-08 13:08:55'),
(569, NULL, NULL, NULL, NULL, NULL, NULL, NULL, NULL, NULL, NULL, NULL, NULL, NULL, '569.pdf', 1, '2020-04-08 13:13:25'),
(570, NULL, NULL, NULL, NULL, NULL, NULL, NULL, NULL, NULL, NULL, NULL, NULL, NULL, '570.pdf', 1, '2020-04-08 13:15:52'),
(571, NULL, NULL, NULL, NULL, NULL, NULL, NULL, NULL, NULL, NULL, NULL, NULL, NULL, '571.pdf', 1, '2020-04-08 13:17:12'),
(572, NULL, NULL, NULL, NULL, NULL, NULL, NULL, NULL, NULL, NULL, NULL, NULL, NULL, '572.pdf', 1, '2020-04-08 13:19:42'),
(573, NULL, NULL, NULL, NULL, NULL, NULL, NULL, NULL, NULL, NULL, NULL, NULL, NULL, '573.pdf', 1, '2020-04-08 13:23:13'),
(574, NULL, NULL, NULL, NULL, NULL, NULL, NULL, NULL, NULL, NULL, NULL, NULL, NULL, '574.pdf', 1, '2020-04-08 13:27:30'),
(575, NULL, NULL, NULL, NULL, NULL, NULL, NULL, NULL, NULL, NULL, NULL, NULL, NULL, '575.pdf', 1, '2020-04-08 13:30:59'),
(576, NULL, NULL, NULL, NULL, NULL, NULL, NULL, NULL, NULL, NULL, NULL, NULL, NULL, '576.pdf', 1, '2020-04-08 13:33:46'),
(577, NULL, NULL, NULL, NULL, NULL, NULL, NULL, NULL, NULL, NULL, NULL, NULL, NULL, '577.pdf', 1, '2020-04-08 13:39:03'),
(578, NULL, NULL, NULL, NULL, NULL, NULL, NULL, NULL, NULL, NULL, NULL, NULL, NULL, '578.pdf', 1, '2020-04-08 13:41:01'),
(579, NULL, NULL, NULL, NULL, NULL, NULL, NULL, NULL, NULL, NULL, NULL, NULL, NULL, '579.pdf', 1, '2020-04-08 14:00:23'),
(580, NULL, NULL, NULL, NULL, NULL, NULL, NULL, NULL, NULL, NULL, NULL, NULL, NULL, '580.pdf', 1, '2020-04-08 14:01:54'),
(581, NULL, NULL, NULL, NULL, NULL, NULL, NULL, NULL, NULL, NULL, NULL, NULL, NULL, '581.pdf', 1, '2020-04-08 14:02:32'),
(582, NULL, NULL, NULL, NULL, NULL, NULL, NULL, NULL, NULL, NULL, NULL, NULL, NULL, '582.pdf', 1, '2020-04-08 14:03:18'),
(583, NULL, NULL, NULL, NULL, NULL, NULL, NULL, NULL, NULL, NULL, NULL, NULL, NULL, '583.pdf', 1, '2020-04-08 14:04:12'),
(584, NULL, NULL, NULL, NULL, NULL, NULL, NULL, NULL, NULL, NULL, NULL, NULL, NULL, '584.pdf', 1, '2020-04-08 14:34:47'),
(585, NULL, NULL, NULL, NULL, NULL, NULL, NULL, NULL, NULL, NULL, NULL, NULL, NULL, '585.pdf', 1, '2020-04-08 14:38:41'),
(586, NULL, NULL, NULL, NULL, NULL, NULL, NULL, NULL, NULL, NULL, NULL, NULL, NULL, '586.pdf', 1, '2020-04-08 14:40:18'),
(587, NULL, NULL, NULL, NULL, NULL, NULL, NULL, NULL, NULL, NULL, NULL, NULL, NULL, '587.pdf', 1, '2020-04-08 14:41:36'),
(588, NULL, NULL, NULL, NULL, NULL, NULL, NULL, NULL, NULL, NULL, NULL, NULL, NULL, '588.pdf', 1, '2020-04-08 14:48:30'),
(589, NULL, NULL, NULL, NULL, NULL, NULL, NULL, NULL, NULL, NULL, NULL, NULL, NULL, '589.pdf', 1, '2020-04-08 14:52:18'),
(590, NULL, NULL, NULL, NULL, NULL, NULL, NULL, NULL, NULL, NULL, NULL, NULL, NULL, '590.pdf', 1, '2020-04-08 14:56:19'),
(591, NULL, NULL, NULL, NULL, NULL, NULL, NULL, NULL, NULL, NULL, NULL, NULL, NULL, '591.pdf', 1, '2020-04-08 15:02:24'),
(592, NULL, NULL, NULL, NULL, NULL, NULL, NULL, NULL, NULL, NULL, NULL, NULL, NULL, '592.pdf', 1, '2020-04-08 15:04:37'),
(593, NULL, NULL, NULL, NULL, NULL, NULL, NULL, NULL, NULL, NULL, NULL, NULL, NULL, '593.pdf', 1, '2020-04-08 15:05:47'),
(594, NULL, NULL, NULL, NULL, NULL, NULL, NULL, NULL, NULL, NULL, NULL, NULL, NULL, '594.pdf', 1, '2020-04-08 15:06:19'),
(595, NULL, NULL, NULL, NULL, NULL, NULL, NULL, NULL, NULL, NULL, NULL, NULL, NULL, '595.pdf', 1, '2020-04-08 15:07:26'),
(596, NULL, NULL, NULL, NULL, NULL, NULL, NULL, NULL, NULL, NULL, NULL, NULL, NULL, '596.pdf', 1, '2020-04-08 15:09:52'),
(597, NULL, NULL, NULL, NULL, NULL, NULL, NULL, NULL, NULL, NULL, NULL, NULL, NULL, '597.pdf', 1, '2020-04-08 15:11:10'),
(598, NULL, NULL, NULL, NULL, NULL, NULL, NULL, NULL, NULL, NULL, NULL, NULL, NULL, '598.pdf', 1, '2020-04-08 15:12:05'),
(599, NULL, NULL, NULL, NULL, NULL, NULL, NULL, NULL, NULL, NULL, NULL, NULL, NULL, '599.pdf', 1, '2020-04-08 15:13:36'),
(600, NULL, NULL, NULL, NULL, NULL, NULL, NULL, NULL, NULL, NULL, NULL, NULL, NULL, '600.pdf', 1, '2020-04-08 15:14:15'),
(601, NULL, NULL, NULL, NULL, NULL, NULL, NULL, NULL, NULL, NULL, NULL, NULL, NULL, '601.pdf', 1, '2020-04-08 15:15:51'),
(602, NULL, NULL, NULL, NULL, NULL, NULL, NULL, NULL, NULL, NULL, NULL, NULL, NULL, '602.pdf', 1, '2020-04-08 15:16:47'),
(603, NULL, NULL, NULL, NULL, NULL, NULL, NULL, NULL, NULL, NULL, NULL, NULL, NULL, '603.pdf', 1, '2020-04-08 15:16:56'),
(604, NULL, NULL, NULL, NULL, NULL, NULL, NULL, NULL, NULL, NULL, NULL, NULL, NULL, '604.pdf', 1, '2020-04-08 15:19:00'),
(605, NULL, NULL, NULL, NULL, NULL, NULL, NULL, NULL, NULL, NULL, NULL, NULL, NULL, '605.pdf', 1, '2020-04-08 15:19:28'),
(606, NULL, NULL, NULL, NULL, NULL, NULL, NULL, NULL, NULL, NULL, NULL, NULL, NULL, '606.pdf', 1, '2020-04-08 15:19:35'),
(607, NULL, NULL, NULL, NULL, NULL, NULL, NULL, NULL, NULL, NULL, NULL, NULL, NULL, '607.pdf', 1, '2020-04-08 15:21:26'),
(608, NULL, NULL, NULL, NULL, NULL, NULL, NULL, NULL, NULL, NULL, NULL, NULL, NULL, '608.pdf', 1, '2020-04-08 15:22:41'),
(609, NULL, NULL, NULL, NULL, NULL, NULL, NULL, NULL, NULL, NULL, NULL, NULL, NULL, '609.pdf', 1, '2020-04-08 15:23:26'),
(610, NULL, NULL, NULL, NULL, NULL, NULL, NULL, NULL, NULL, NULL, NULL, NULL, NULL, '610.pdf', 1, '2020-04-08 15:24:06'),
(611, NULL, NULL, NULL, NULL, NULL, NULL, NULL, NULL, NULL, NULL, NULL, NULL, NULL, '611.pdf', 1, '2020-04-08 15:25:21'),
(612, NULL, NULL, NULL, NULL, NULL, NULL, NULL, NULL, NULL, NULL, NULL, NULL, NULL, '612.pdf', 1, '2020-04-08 15:25:59'),
(613, NULL, NULL, NULL, NULL, NULL, NULL, NULL, NULL, NULL, NULL, NULL, NULL, NULL, '613.pdf', 1, '2020-04-08 15:29:06'),
(614, NULL, NULL, NULL, NULL, NULL, NULL, NULL, NULL, NULL, NULL, NULL, NULL, NULL, '614.pdf', 1, '2020-04-08 15:31:54'),
(615, NULL, NULL, NULL, NULL, NULL, NULL, NULL, NULL, NULL, NULL, NULL, NULL, NULL, '615.pdf', 1, '2020-04-08 15:33:27'),
(616, NULL, NULL, NULL, NULL, NULL, NULL, NULL, NULL, NULL, NULL, NULL, NULL, NULL, '616.pdf', 1, '2020-04-08 15:34:12'),
(617, NULL, NULL, NULL, NULL, NULL, NULL, NULL, NULL, NULL, NULL, NULL, NULL, NULL, '617.pdf', 1, '2020-04-08 15:35:21'),
(618, NULL, NULL, NULL, NULL, NULL, NULL, NULL, NULL, NULL, NULL, NULL, NULL, NULL, '618.pdf', 1, '2020-04-08 15:36:24'),
(619, NULL, NULL, NULL, NULL, NULL, NULL, NULL, NULL, NULL, NULL, NULL, NULL, NULL, '619.pdf', 1, '2020-04-08 15:36:45'),
(620, NULL, NULL, NULL, NULL, NULL, NULL, NULL, NULL, NULL, NULL, NULL, NULL, NULL, '620.pdf', 1, '2020-04-08 15:37:38'),
(621, NULL, NULL, NULL, NULL, NULL, NULL, NULL, NULL, NULL, NULL, NULL, NULL, NULL, '621.pdf', 1, '2020-04-08 16:06:43'),
(622, NULL, NULL, NULL, NULL, NULL, NULL, NULL, NULL, NULL, NULL, NULL, NULL, NULL, '622.pdf', 1, '2020-04-08 16:08:07'),
(623, NULL, NULL, NULL, NULL, NULL, NULL, NULL, NULL, NULL, NULL, NULL, NULL, NULL, '623.pdf', 1, '2020-04-08 16:09:10'),
(624, NULL, NULL, NULL, NULL, NULL, NULL, NULL, NULL, NULL, NULL, NULL, NULL, NULL, '624.pdf', 1, '2020-04-08 16:10:18'),
(625, NULL, NULL, NULL, NULL, NULL, NULL, NULL, NULL, NULL, NULL, NULL, NULL, NULL, '625.pdf', 1, '2020-04-08 16:17:50'),
(626, NULL, NULL, NULL, NULL, NULL, NULL, NULL, NULL, NULL, NULL, NULL, NULL, NULL, '626.pdf', 1, '2020-04-08 16:18:00'),
(627, NULL, NULL, NULL, NULL, NULL, NULL, NULL, NULL, NULL, NULL, NULL, NULL, NULL, '627.pdf', 1, '2020-04-08 16:18:09'),
(628, NULL, NULL, NULL, NULL, NULL, NULL, NULL, NULL, NULL, NULL, NULL, NULL, NULL, '628.pdf', 1, '2020-04-08 16:18:26'),
(629, NULL, NULL, NULL, NULL, NULL, NULL, NULL, NULL, NULL, NULL, NULL, NULL, NULL, '629.pdf', 1, '2020-04-08 16:21:56'),
(630, NULL, NULL, NULL, NULL, NULL, NULL, NULL, NULL, NULL, NULL, NULL, NULL, NULL, '630.pdf', 1, '2020-04-08 16:28:59'),
(631, NULL, NULL, NULL, NULL, NULL, NULL, NULL, NULL, NULL, NULL, NULL, NULL, NULL, '631.pdf', 1, '2020-04-08 16:31:49'),
(632, NULL, NULL, NULL, NULL, NULL, NULL, NULL, NULL, NULL, NULL, NULL, NULL, NULL, '632.pdf', 1, '2020-04-08 16:40:57'),
(633, NULL, NULL, NULL, NULL, NULL, NULL, NULL, NULL, NULL, NULL, NULL, NULL, NULL, '633.pdf', 1, '2020-04-08 16:41:53'),
(634, NULL, NULL, NULL, NULL, NULL, NULL, NULL, NULL, NULL, NULL, NULL, NULL, NULL, '634.pdf', 1, '2020-04-08 16:43:17'),
(635, NULL, NULL, NULL, NULL, NULL, NULL, NULL, NULL, NULL, NULL, NULL, NULL, NULL, '635.pdf', 1, '2020-04-08 16:44:07'),
(636, NULL, NULL, NULL, NULL, NULL, NULL, NULL, NULL, NULL, NULL, NULL, NULL, NULL, '636.pdf', 1, '2020-04-08 16:44:53'),
(637, NULL, NULL, NULL, NULL, NULL, NULL, NULL, NULL, NULL, NULL, NULL, NULL, NULL, '637.pdf', 1, '2020-04-08 16:56:37'),
(638, NULL, NULL, NULL, NULL, NULL, NULL, NULL, NULL, NULL, NULL, NULL, NULL, NULL, '638.pdf', 1, '2020-04-09 10:37:17'),
(639, NULL, NULL, NULL, NULL, NULL, NULL, NULL, NULL, NULL, NULL, NULL, NULL, NULL, '639.pdf', 1, '2020-04-09 10:47:29'),
(640, NULL, NULL, NULL, NULL, NULL, NULL, NULL, NULL, NULL, NULL, NULL, NULL, NULL, '640.pdf', 1, '2020-04-09 11:10:41'),
(641, NULL, NULL, NULL, NULL, NULL, NULL, NULL, NULL, NULL, NULL, NULL, NULL, NULL, '641.pdf', 1, '2020-04-09 11:19:04'),
(642, NULL, NULL, NULL, NULL, NULL, NULL, NULL, NULL, NULL, NULL, NULL, NULL, NULL, '642.pdf', 1, '2020-04-09 11:19:27'),
(643, NULL, NULL, NULL, NULL, NULL, NULL, NULL, NULL, NULL, NULL, NULL, NULL, NULL, '643.pdf', 1, '2020-04-09 11:23:10'),
(644, NULL, NULL, NULL, NULL, NULL, NULL, NULL, NULL, NULL, NULL, NULL, NULL, NULL, '644.pdf', 1, '2020-04-09 11:23:28'),
(645, NULL, NULL, NULL, NULL, NULL, NULL, NULL, NULL, NULL, NULL, NULL, NULL, NULL, '645.pdf', 1, '2020-04-09 11:25:54'),
(646, NULL, NULL, NULL, NULL, NULL, NULL, NULL, NULL, NULL, NULL, NULL, NULL, NULL, '646.pdf', 1, '2020-04-09 11:26:00'),
(647, NULL, NULL, NULL, NULL, NULL, NULL, NULL, NULL, NULL, NULL, NULL, NULL, NULL, '647.pdf', 1, '2020-04-09 12:03:02'),
(648, NULL, NULL, NULL, NULL, NULL, NULL, NULL, NULL, NULL, NULL, NULL, NULL, NULL, '648.pdf', 1, '2020-04-09 12:04:47'),
(649, NULL, NULL, NULL, NULL, NULL, NULL, NULL, NULL, NULL, NULL, NULL, NULL, NULL, '649.pdf', 1, '2020-04-09 12:20:59'),
(650, NULL, NULL, NULL, NULL, NULL, NULL, NULL, NULL, NULL, NULL, NULL, NULL, NULL, '650.pdf', 1, '2020-04-09 12:26:03'),
(651, NULL, NULL, NULL, NULL, NULL, NULL, NULL, NULL, NULL, NULL, NULL, NULL, NULL, '651.pdf', 1, '2020-04-13 12:03:57'),
(652, NULL, NULL, NULL, NULL, NULL, NULL, NULL, NULL, NULL, NULL, NULL, NULL, NULL, '652.pdf', 1, '2020-04-15 10:33:06'),
(653, NULL, NULL, NULL, NULL, NULL, NULL, NULL, NULL, NULL, NULL, NULL, NULL, NULL, '653.pdf', 1, '2020-04-16 11:14:30'),
(654, NULL, NULL, NULL, NULL, NULL, NULL, NULL, NULL, NULL, NULL, NULL, NULL, NULL, '654.pdf', 1, '2020-04-16 11:28:45'),
(655, NULL, NULL, NULL, NULL, NULL, NULL, NULL, NULL, NULL, NULL, NULL, NULL, NULL, '655.pdf', 1, '2020-04-16 11:37:54'),
(656, NULL, NULL, NULL, NULL, NULL, NULL, NULL, NULL, NULL, NULL, NULL, NULL, NULL, '656.pdf', 1, '2020-04-16 11:39:05'),
(657, NULL, NULL, NULL, NULL, NULL, NULL, NULL, NULL, NULL, NULL, NULL, NULL, NULL, '657.pdf', 1, '2020-04-16 12:08:18'),
(658, NULL, NULL, NULL, NULL, NULL, NULL, NULL, NULL, NULL, NULL, NULL, NULL, NULL, '658.pdf', 1, '2020-04-16 12:08:41'),
(659, NULL, NULL, NULL, NULL, NULL, NULL, NULL, NULL, NULL, NULL, NULL, NULL, NULL, '659.pdf', 1, '2020-04-16 12:08:54'),
(660, NULL, NULL, NULL, NULL, NULL, NULL, NULL, NULL, NULL, NULL, NULL, NULL, NULL, '660.pdf', 1, '2020-04-16 12:09:18'),
(661, NULL, NULL, NULL, NULL, NULL, NULL, NULL, NULL, NULL, NULL, NULL, NULL, NULL, '661.pdf', 1, '2020-04-16 12:09:31'),
(662, NULL, NULL, NULL, NULL, NULL, NULL, NULL, NULL, NULL, NULL, NULL, NULL, NULL, '662.pdf', 1, '2020-04-16 12:09:45'),
(663, NULL, NULL, NULL, NULL, NULL, NULL, NULL, NULL, NULL, NULL, NULL, NULL, NULL, '663.pdf', 1, '2020-04-16 12:09:58'),
(664, NULL, NULL, NULL, NULL, NULL, NULL, NULL, NULL, NULL, NULL, NULL, NULL, NULL, '664.pdf', 1, '2020-04-16 12:10:15'),
(665, NULL, NULL, NULL, NULL, NULL, NULL, NULL, NULL, NULL, NULL, NULL, NULL, NULL, '665.pdf', 1, '2020-04-16 12:10:29'),
(666, NULL, NULL, NULL, NULL, NULL, NULL, NULL, NULL, NULL, NULL, NULL, NULL, NULL, '666.pdf', 1, '2020-04-16 12:10:47'),
(667, NULL, NULL, NULL, NULL, NULL, NULL, NULL, NULL, NULL, NULL, NULL, NULL, NULL, '667.pdf', 1, '2020-04-16 12:11:03'),
(668, NULL, NULL, NULL, NULL, NULL, NULL, NULL, NULL, NULL, NULL, NULL, NULL, NULL, '668.pdf', 1, '2020-04-16 12:12:17'),
(669, NULL, NULL, NULL, NULL, NULL, NULL, NULL, NULL, NULL, NULL, NULL, NULL, NULL, '669.pdf', 1, '2020-04-16 12:12:32'),
(670, NULL, NULL, NULL, NULL, NULL, NULL, NULL, NULL, NULL, NULL, NULL, NULL, NULL, '670.pdf', 1, '2020-04-16 12:17:52'),
(671, NULL, NULL, NULL, NULL, NULL, NULL, NULL, NULL, NULL, NULL, NULL, NULL, NULL, '671.pdf', 1, '2020-04-16 12:17:56'),
(672, NULL, NULL, NULL, NULL, NULL, NULL, NULL, NULL, NULL, NULL, NULL, NULL, NULL, '672.pdf', 1, '2020-04-16 12:18:08'),
(673, NULL, NULL, NULL, NULL, NULL, NULL, NULL, NULL, NULL, NULL, NULL, NULL, NULL, '673.pdf', 1, '2020-04-16 12:18:27'),
(674, NULL, NULL, NULL, NULL, NULL, NULL, NULL, NULL, NULL, NULL, NULL, NULL, NULL, '674.pdf', 1, '2020-04-16 12:18:45'),
(675, NULL, NULL, NULL, NULL, NULL, NULL, NULL, NULL, NULL, NULL, NULL, NULL, NULL, '675.pdf', 1, '2020-04-16 12:19:09'),
(676, NULL, NULL, NULL, NULL, NULL, NULL, NULL, NULL, NULL, NULL, NULL, NULL, NULL, '676.pdf', 1, '2020-04-20 05:25:49'),
(677, NULL, NULL, NULL, NULL, NULL, NULL, NULL, NULL, NULL, NULL, NULL, NULL, NULL, '677.pdf', 1, '2020-04-20 07:41:01'),
(678, NULL, NULL, NULL, NULL, NULL, NULL, NULL, NULL, NULL, NULL, NULL, NULL, NULL, '678.pdf', 1, '2020-04-20 07:58:14'),
(679, NULL, NULL, NULL, NULL, NULL, NULL, NULL, NULL, NULL, NULL, NULL, NULL, NULL, '679.pdf', 1, '2020-04-20 08:01:21'),
(680, NULL, NULL, NULL, NULL, NULL, NULL, NULL, NULL, NULL, NULL, NULL, NULL, NULL, '680.pdf', 1, '2020-04-20 08:02:08'),
(681, NULL, NULL, NULL, NULL, NULL, NULL, NULL, NULL, NULL, NULL, NULL, NULL, NULL, '681.pdf', 1, '2020-04-20 11:25:06'),
(682, NULL, NULL, NULL, NULL, NULL, NULL, NULL, NULL, NULL, NULL, NULL, NULL, NULL, '682.pdf', 1, '2020-04-20 11:26:34'),
(683, NULL, NULL, NULL, NULL, NULL, NULL, NULL, NULL, NULL, NULL, NULL, NULL, NULL, '683.pdf', 1, '2020-04-20 11:29:21'),
(684, NULL, NULL, NULL, NULL, NULL, NULL, NULL, NULL, NULL, NULL, NULL, NULL, NULL, '684.pdf', 1, '2020-04-20 11:29:47'),
(685, NULL, NULL, NULL, NULL, NULL, NULL, NULL, NULL, NULL, NULL, NULL, NULL, NULL, '685.pdf', 1, '2020-04-20 11:33:10'),
(686, NULL, NULL, NULL, NULL, NULL, NULL, NULL, NULL, NULL, NULL, NULL, NULL, NULL, '686.pdf', 1, '2020-04-20 11:44:21'),
(687, NULL, NULL, NULL, NULL, NULL, NULL, NULL, NULL, NULL, NULL, NULL, NULL, NULL, '687.pdf', 1, '2020-04-20 11:47:13'),
(688, NULL, NULL, NULL, NULL, NULL, NULL, NULL, NULL, NULL, NULL, NULL, NULL, NULL, '688.pdf', 1, '2020-04-20 11:48:30'),
(689, NULL, NULL, NULL, NULL, NULL, NULL, NULL, NULL, NULL, NULL, NULL, NULL, NULL, '689.pdf', 1, '2020-04-20 11:52:26'),
(690, NULL, NULL, NULL, NULL, NULL, NULL, NULL, NULL, NULL, NULL, NULL, NULL, NULL, '690.pdf', 1, '2020-04-20 12:53:26'),
(691, NULL, NULL, NULL, NULL, NULL, NULL, NULL, NULL, NULL, NULL, NULL, NULL, NULL, '691.pdf', 1, '2020-04-20 13:01:54'),
(692, NULL, NULL, NULL, NULL, NULL, NULL, NULL, NULL, NULL, NULL, NULL, NULL, NULL, '692.pdf', 1, '2020-04-20 13:04:25'),
(693, NULL, NULL, NULL, NULL, NULL, NULL, NULL, NULL, NULL, NULL, NULL, NULL, NULL, '693.pdf', 1, '2020-04-20 13:07:37'),
(694, NULL, NULL, NULL, NULL, NULL, NULL, NULL, NULL, NULL, NULL, NULL, NULL, NULL, '694.pdf', 1, '2020-04-20 13:11:26'),
(695, NULL, NULL, NULL, NULL, NULL, NULL, NULL, NULL, NULL, NULL, NULL, NULL, NULL, '695.pdf', 1, '2020-04-20 13:14:19'),
(696, NULL, NULL, NULL, NULL, NULL, NULL, NULL, NULL, NULL, NULL, NULL, NULL, NULL, '696.pdf', 1, '2020-04-20 13:27:08'),
(697, NULL, NULL, NULL, NULL, NULL, NULL, NULL, NULL, NULL, NULL, NULL, NULL, NULL, '697.pdf', 1, '2020-04-20 13:28:57'),
(698, NULL, NULL, NULL, NULL, NULL, NULL, NULL, NULL, NULL, NULL, NULL, NULL, NULL, '698.pdf', 1, '2020-04-20 13:42:39'),
(699, NULL, NULL, NULL, NULL, NULL, NULL, NULL, NULL, NULL, NULL, NULL, NULL, NULL, '699.pdf', 1, '2020-04-20 13:51:14'),
(700, NULL, NULL, NULL, NULL, NULL, NULL, NULL, NULL, NULL, NULL, NULL, NULL, NULL, '700.pdf', 1, '2020-04-20 13:58:17'),
(701, NULL, NULL, NULL, NULL, NULL, NULL, NULL, NULL, NULL, NULL, NULL, NULL, NULL, '701.pdf', 1, '2020-04-20 13:59:00'),
(702, NULL, NULL, NULL, NULL, NULL, NULL, NULL, NULL, NULL, NULL, NULL, NULL, NULL, '702.pdf', 1, '2020-04-21 11:33:04'),
(703, NULL, NULL, NULL, NULL, NULL, NULL, NULL, NULL, NULL, NULL, NULL, NULL, NULL, '703.pdf', 1, '2020-04-21 11:37:47'),
(704, NULL, NULL, NULL, NULL, NULL, NULL, NULL, NULL, NULL, NULL, NULL, NULL, NULL, '704.pdf', 1, '2020-04-21 11:43:52'),
(705, NULL, NULL, NULL, NULL, NULL, NULL, NULL, NULL, NULL, NULL, NULL, NULL, NULL, '705.pdf', 1, '2020-04-21 11:54:01'),
(706, NULL, NULL, NULL, NULL, NULL, NULL, NULL, NULL, NULL, NULL, NULL, NULL, NULL, '706.pdf', 1, '2020-04-21 12:01:55'),
(707, NULL, NULL, NULL, NULL, NULL, NULL, NULL, NULL, NULL, NULL, NULL, NULL, NULL, '707.pdf', 1, '2020-04-21 12:14:24'),
(708, NULL, NULL, NULL, NULL, NULL, NULL, NULL, NULL, NULL, NULL, NULL, NULL, NULL, '708.pdf', 1, '2020-04-21 12:28:49'),
(709, NULL, NULL, NULL, NULL, NULL, NULL, NULL, NULL, NULL, NULL, NULL, NULL, NULL, '709.pdf', 1, '2020-04-21 12:32:02'),
(710, NULL, NULL, NULL, NULL, NULL, NULL, NULL, NULL, NULL, NULL, NULL, NULL, NULL, '710.pdf', 1, '2020-04-21 12:34:46'),
(711, NULL, NULL, NULL, NULL, NULL, NULL, NULL, NULL, NULL, NULL, NULL, NULL, NULL, '711.pdf', 1, '2020-04-21 12:37:25'),
(712, NULL, NULL, NULL, NULL, NULL, NULL, NULL, NULL, NULL, NULL, NULL, NULL, NULL, '712.pdf', 1, '2020-04-21 12:42:14'),
(713, NULL, NULL, NULL, NULL, NULL, NULL, NULL, NULL, NULL, NULL, NULL, NULL, NULL, '713.pdf', 1, '2020-04-22 10:28:18'),
(714, NULL, NULL, NULL, NULL, NULL, NULL, NULL, NULL, NULL, NULL, NULL, NULL, NULL, '714.pdf', 1, '2020-04-22 10:29:38'),
(715, NULL, NULL, NULL, NULL, NULL, NULL, NULL, NULL, NULL, NULL, NULL, NULL, NULL, '715.pdf', 1, '2020-04-22 10:45:19'),
(716, NULL, NULL, NULL, NULL, NULL, NULL, NULL, NULL, NULL, NULL, NULL, NULL, NULL, '716.pdf', 1, '2020-04-22 12:45:20'),
(717, NULL, NULL, NULL, NULL, NULL, NULL, NULL, NULL, NULL, NULL, NULL, NULL, NULL, '717.pdf', 1, '2020-04-22 12:49:46'),
(718, NULL, NULL, NULL, NULL, NULL, NULL, NULL, NULL, NULL, NULL, NULL, NULL, NULL, '718.pdf', 1, '2020-04-22 14:17:10'),
(719, NULL, NULL, NULL, NULL, NULL, NULL, NULL, NULL, NULL, NULL, NULL, NULL, NULL, '719.pdf', 1, '2020-04-23 06:39:18'),
(720, NULL, NULL, NULL, NULL, NULL, NULL, NULL, NULL, NULL, NULL, NULL, NULL, NULL, '720.pdf', 1, '2020-04-23 06:39:41'),
(721, NULL, NULL, NULL, NULL, NULL, NULL, NULL, NULL, NULL, NULL, NULL, NULL, NULL, '721.pdf', 1, '2020-04-23 06:42:53'),
(722, NULL, NULL, NULL, NULL, NULL, NULL, NULL, NULL, NULL, NULL, NULL, NULL, NULL, '722.pdf', 1, '2020-04-23 06:43:26'),
(723, NULL, NULL, NULL, NULL, NULL, NULL, NULL, NULL, NULL, NULL, NULL, NULL, NULL, '723.pdf', 1, '2020-04-23 06:44:04'),
(724, NULL, NULL, NULL, NULL, NULL, NULL, NULL, NULL, NULL, NULL, NULL, NULL, NULL, '724.pdf', 1, '2020-04-23 07:04:12'),
(725, NULL, NULL, NULL, NULL, NULL, NULL, NULL, NULL, NULL, NULL, NULL, NULL, NULL, '725.pdf', 1, '2020-04-23 07:06:51'),
(726, NULL, NULL, NULL, NULL, NULL, NULL, NULL, NULL, NULL, NULL, NULL, NULL, NULL, '726.pdf', 1, '2020-04-23 07:08:44'),
(727, NULL, NULL, NULL, NULL, NULL, NULL, NULL, NULL, NULL, NULL, NULL, NULL, NULL, '727.pdf', 1, '2020-04-23 07:17:16'),
(728, NULL, NULL, NULL, NULL, NULL, NULL, NULL, NULL, NULL, NULL, NULL, NULL, NULL, '728.pdf', 1, '2020-04-23 07:17:35'),
(729, NULL, NULL, NULL, NULL, NULL, NULL, NULL, NULL, NULL, NULL, NULL, NULL, NULL, '729.pdf', 1, '2020-04-23 08:39:07'),
(730, NULL, NULL, NULL, NULL, NULL, NULL, NULL, NULL, NULL, NULL, NULL, NULL, NULL, '730.pdf', 1, '2020-04-23 13:50:34'),
(731, NULL, NULL, NULL, NULL, NULL, NULL, NULL, NULL, NULL, NULL, NULL, NULL, NULL, '731.pdf', 1, '2020-04-23 14:07:28'),
(732, NULL, NULL, NULL, NULL, NULL, NULL, NULL, NULL, NULL, NULL, NULL, NULL, NULL, '732.pdf', 1, '2020-04-23 14:10:33'),
(733, NULL, NULL, NULL, NULL, NULL, NULL, NULL, NULL, NULL, NULL, NULL, NULL, NULL, '733.pdf', 1, '2020-04-23 14:13:34'),
(734, NULL, NULL, NULL, NULL, NULL, NULL, NULL, NULL, NULL, NULL, NULL, NULL, NULL, '734.pdf', 1, '2020-04-23 14:17:00'),
(735, NULL, NULL, NULL, NULL, NULL, NULL, NULL, NULL, NULL, NULL, NULL, NULL, NULL, '735.pdf', 1, '2020-04-23 15:22:15'),
(736, NULL, NULL, NULL, NULL, NULL, NULL, NULL, NULL, NULL, NULL, NULL, NULL, NULL, '736.pdf', 1, '2020-04-24 05:57:35'),
(737, NULL, NULL, NULL, NULL, NULL, NULL, NULL, NULL, NULL, NULL, NULL, NULL, NULL, '737.pdf', 1, '2020-04-24 05:59:52'),
(738, NULL, NULL, NULL, NULL, NULL, NULL, NULL, NULL, NULL, NULL, NULL, NULL, NULL, '738.pdf', 1, '2020-04-24 10:35:06'),
(739, NULL, NULL, NULL, NULL, NULL, NULL, NULL, NULL, NULL, NULL, NULL, NULL, NULL, '739.pdf', 1, '2020-04-24 11:14:52'),
(740, NULL, NULL, NULL, NULL, NULL, NULL, NULL, NULL, NULL, NULL, NULL, NULL, NULL, '740.pdf', 1, '2020-04-24 11:16:07'),
(741, NULL, NULL, NULL, NULL, NULL, NULL, NULL, NULL, NULL, NULL, NULL, NULL, NULL, '741.pdf', 1, '2020-04-24 11:23:09'),
(742, NULL, NULL, NULL, NULL, NULL, NULL, NULL, NULL, NULL, NULL, NULL, NULL, NULL, '742.pdf', 1, '2020-04-24 11:25:13'),
(743, NULL, NULL, NULL, NULL, NULL, NULL, NULL, NULL, NULL, NULL, NULL, NULL, NULL, '743.pdf', 1, '2020-04-24 11:26:26'),
(744, NULL, NULL, NULL, NULL, NULL, NULL, NULL, NULL, NULL, NULL, NULL, NULL, NULL, '744.pdf', 1, '2020-04-24 11:27:02'),
(745, NULL, NULL, NULL, NULL, NULL, NULL, NULL, NULL, NULL, NULL, NULL, NULL, NULL, '745.pdf', 1, '2020-04-24 11:27:32'),
(746, NULL, NULL, NULL, NULL, NULL, NULL, NULL, NULL, NULL, NULL, NULL, NULL, NULL, '746.pdf', 1, '2020-04-24 11:28:05'),
(747, NULL, NULL, NULL, NULL, NULL, NULL, NULL, NULL, NULL, NULL, NULL, NULL, NULL, '747.pdf', 1, '2020-04-24 11:28:36'),
(748, NULL, NULL, NULL, NULL, NULL, NULL, NULL, NULL, NULL, NULL, NULL, NULL, NULL, '748.pdf', 1, '2020-04-24 11:29:32'),
(749, NULL, NULL, NULL, NULL, NULL, NULL, NULL, NULL, NULL, NULL, NULL, NULL, NULL, '749.pdf', 1, '2020-04-24 11:31:00'),
(750, NULL, NULL, NULL, NULL, NULL, NULL, NULL, NULL, NULL, NULL, NULL, NULL, NULL, '750.pdf', 1, '2020-04-24 11:32:04'),
(751, NULL, NULL, NULL, NULL, NULL, NULL, NULL, NULL, NULL, NULL, NULL, NULL, NULL, '751.pdf', 1, '2020-04-24 11:32:08'),
(752, NULL, NULL, NULL, NULL, NULL, NULL, NULL, NULL, NULL, NULL, NULL, NULL, NULL, '752.pdf', 1, '2020-04-24 11:32:43'),
(753, NULL, NULL, NULL, NULL, NULL, NULL, NULL, NULL, NULL, NULL, NULL, NULL, NULL, '753.pdf', 1, '2020-04-24 11:33:14'),
(754, NULL, NULL, NULL, NULL, NULL, NULL, NULL, NULL, NULL, NULL, NULL, NULL, NULL, '754.pdf', 1, '2020-04-24 11:33:46'),
(755, NULL, NULL, NULL, NULL, NULL, NULL, NULL, NULL, NULL, NULL, NULL, NULL, NULL, '755.pdf', 1, '2020-04-24 11:34:19'),
(756, NULL, NULL, NULL, NULL, NULL, NULL, NULL, NULL, NULL, NULL, NULL, NULL, NULL, '756.pdf', 1, '2020-04-24 11:34:51'),
(757, NULL, NULL, NULL, NULL, NULL, NULL, NULL, NULL, NULL, NULL, NULL, NULL, NULL, '757.pdf', 1, '2020-04-24 11:35:49'),
(758, NULL, NULL, NULL, NULL, NULL, NULL, NULL, NULL, NULL, NULL, NULL, NULL, NULL, '758.pdf', 1, '2020-04-24 11:36:21'),
(759, NULL, NULL, NULL, NULL, NULL, NULL, NULL, NULL, NULL, NULL, NULL, NULL, NULL, '759.pdf', 1, '2020-04-24 11:37:50'),
(760, NULL, NULL, NULL, NULL, NULL, NULL, NULL, NULL, NULL, NULL, NULL, NULL, NULL, '760.pdf', 1, '2020-04-24 11:38:21'),
(761, NULL, NULL, NULL, NULL, NULL, NULL, NULL, NULL, NULL, NULL, NULL, NULL, NULL, '761.pdf', 1, '2020-04-24 11:38:31'),
(762, NULL, NULL, NULL, NULL, NULL, NULL, NULL, NULL, NULL, NULL, NULL, NULL, NULL, '762.pdf', 1, '2020-04-24 11:40:54'),
(763, NULL, NULL, NULL, NULL, NULL, NULL, NULL, NULL, NULL, NULL, NULL, NULL, NULL, '763.pdf', 1, '2020-04-24 11:44:36'),
(764, NULL, NULL, NULL, NULL, NULL, NULL, NULL, NULL, NULL, NULL, NULL, NULL, NULL, '764.pdf', 2, '2020-04-24 13:05:22'),
(765, NULL, NULL, NULL, NULL, NULL, NULL, NULL, NULL, NULL, NULL, NULL, NULL, NULL, '765.pdf', 2, '2020-04-24 13:08:29'),
(766, NULL, NULL, NULL, NULL, NULL, NULL, NULL, NULL, NULL, NULL, NULL, NULL, NULL, '766.pdf', 3, '2020-05-07 12:25:35'),
(767, NULL, NULL, NULL, NULL, NULL, NULL, NULL, NULL, NULL, NULL, NULL, NULL, NULL, '767.pdf', 3, '2020-05-07 12:29:48'),
(768, NULL, NULL, NULL, NULL, NULL, NULL, NULL, NULL, NULL, NULL, NULL, NULL, NULL, '768.pdf', 3, '2020-05-07 12:38:23'),
(769, NULL, NULL, NULL, NULL, NULL, NULL, NULL, NULL, NULL, NULL, NULL, NULL, NULL, '769.pdf', 3, '2020-05-12 09:10:26'),
(770, NULL, NULL, NULL, NULL, NULL, NULL, NULL, NULL, NULL, NULL, NULL, NULL, NULL, '770.pdf', 1, '2020-05-14 09:09:19'),
(771, NULL, NULL, NULL, NULL, NULL, NULL, NULL, NULL, NULL, NULL, NULL, NULL, NULL, '771.pdf', 1, '2020-05-14 09:11:20'),
(772, NULL, NULL, NULL, NULL, NULL, NULL, NULL, NULL, NULL, NULL, NULL, NULL, NULL, '772.pdf', 1, '2020-05-14 09:11:33'),
(773, NULL, NULL, NULL, NULL, NULL, NULL, NULL, NULL, NULL, NULL, NULL, NULL, NULL, '773.pdf', 1, '2020-05-14 09:11:45'),
(774, NULL, NULL, NULL, NULL, NULL, NULL, NULL, NULL, NULL, NULL, NULL, NULL, NULL, '774.pdf', 1, '2020-05-14 09:11:59'),
(775, NULL, NULL, NULL, NULL, NULL, NULL, NULL, NULL, NULL, NULL, NULL, NULL, NULL, '775.pdf', 1, '2020-05-14 09:12:13'),
(776, NULL, NULL, NULL, NULL, NULL, NULL, NULL, NULL, NULL, NULL, NULL, NULL, NULL, '776.pdf', 1, '2020-05-14 09:12:31'),
(777, NULL, NULL, NULL, NULL, NULL, NULL, NULL, NULL, NULL, NULL, NULL, NULL, NULL, '777.pdf', 1, '2020-05-14 09:12:45'),
(778, NULL, NULL, NULL, NULL, NULL, NULL, NULL, NULL, NULL, NULL, NULL, NULL, NULL, '778.pdf', 1, '2020-05-14 09:12:52'),
(779, NULL, NULL, NULL, NULL, NULL, NULL, NULL, NULL, NULL, NULL, NULL, NULL, NULL, '779.pdf', 1, '2020-05-14 09:13:14'),
(780, NULL, NULL, NULL, NULL, NULL, NULL, NULL, NULL, NULL, NULL, NULL, NULL, NULL, '780.pdf', 1, '2020-05-14 09:13:29'),
(781, NULL, NULL, NULL, NULL, NULL, NULL, NULL, NULL, NULL, NULL, NULL, NULL, NULL, '781.pdf', 1, '2020-05-14 09:13:46'),
(782, NULL, NULL, NULL, NULL, NULL, NULL, NULL, NULL, NULL, NULL, NULL, NULL, NULL, '782.pdf', 1, '2020-05-14 09:19:40'),
(783, NULL, NULL, NULL, NULL, NULL, NULL, NULL, NULL, NULL, NULL, NULL, NULL, NULL, '783.pdf', 1, '2020-05-14 09:20:25'),
(784, NULL, NULL, NULL, NULL, NULL, NULL, NULL, NULL, NULL, NULL, NULL, NULL, NULL, '784.pdf', 1, '2020-05-14 09:20:34'),
(785, NULL, NULL, NULL, NULL, NULL, NULL, NULL, NULL, NULL, NULL, NULL, NULL, NULL, '785.pdf', 1, '2020-05-14 09:31:03'),
(786, NULL, NULL, NULL, NULL, NULL, NULL, NULL, NULL, NULL, NULL, NULL, NULL, NULL, '786.pdf', 1, '2020-05-14 09:31:32'),
(787, NULL, NULL, NULL, NULL, NULL, NULL, NULL, NULL, NULL, NULL, NULL, NULL, NULL, '787.pdf', 1, '2020-05-14 09:31:44'),
(788, NULL, NULL, NULL, NULL, NULL, NULL, NULL, NULL, NULL, NULL, NULL, NULL, NULL, '788.pdf', 1, '2020-05-14 09:32:03'),
(789, NULL, NULL, NULL, NULL, NULL, NULL, NULL, NULL, NULL, NULL, NULL, NULL, NULL, '789.pdf', 1, '2020-05-14 09:32:41'),
(790, NULL, NULL, NULL, NULL, NULL, NULL, NULL, NULL, NULL, NULL, NULL, NULL, NULL, '790.pdf', 1, '2020-05-14 09:34:39'),
(791, NULL, NULL, NULL, NULL, NULL, NULL, NULL, NULL, NULL, NULL, NULL, NULL, NULL, '791.pdf', 1, '2020-05-14 09:34:43'),
(792, NULL, NULL, NULL, NULL, NULL, NULL, NULL, NULL, NULL, NULL, NULL, NULL, NULL, '792.pdf', 1, '2020-05-14 09:34:51'),
(793, NULL, NULL, NULL, NULL, NULL, NULL, NULL, NULL, NULL, NULL, NULL, NULL, NULL, '793.pdf', 1, '2020-05-14 09:35:00'),
(794, NULL, NULL, NULL, NULL, NULL, NULL, NULL, NULL, NULL, NULL, NULL, NULL, NULL, '794.pdf', 1, '2020-05-14 09:35:11'),
(795, NULL, NULL, NULL, NULL, NULL, NULL, NULL, NULL, NULL, NULL, NULL, NULL, NULL, '795.pdf', 1, '2020-05-14 09:35:45'),
(796, NULL, NULL, NULL, NULL, NULL, NULL, NULL, NULL, NULL, NULL, NULL, NULL, NULL, '796.pdf', 1, '2020-05-14 09:36:07'),
(797, NULL, NULL, NULL, NULL, NULL, NULL, NULL, NULL, NULL, NULL, NULL, NULL, NULL, '797.pdf', 1, '2020-05-14 09:36:24'),
(798, NULL, NULL, NULL, NULL, NULL, NULL, NULL, NULL, NULL, NULL, NULL, NULL, NULL, '798.pdf', 1, '2020-05-14 09:36:33'),
(799, NULL, NULL, NULL, NULL, NULL, NULL, NULL, NULL, NULL, NULL, NULL, NULL, NULL, '799.pdf', 1, '2020-05-14 09:36:59'),
(800, NULL, NULL, NULL, NULL, NULL, NULL, NULL, NULL, NULL, NULL, NULL, NULL, NULL, '800.pdf', 1, '2020-05-14 09:37:17'),
(801, NULL, NULL, NULL, NULL, NULL, NULL, NULL, NULL, NULL, NULL, NULL, NULL, NULL, '801.pdf', 1, '2020-05-14 09:37:31'),
(802, NULL, NULL, NULL, NULL, NULL, NULL, NULL, NULL, NULL, NULL, NULL, NULL, NULL, '802.pdf', 1, '2020-05-14 09:37:44'),
(803, NULL, NULL, NULL, NULL, NULL, NULL, NULL, NULL, NULL, NULL, NULL, NULL, NULL, '803.pdf', 1, '2020-05-14 09:37:46'),
(804, NULL, NULL, NULL, NULL, NULL, NULL, NULL, NULL, NULL, NULL, NULL, NULL, NULL, '804.pdf', 1, '2020-05-14 09:37:55'),
(805, NULL, NULL, NULL, NULL, NULL, NULL, NULL, NULL, NULL, NULL, NULL, NULL, NULL, '805.pdf', 1, '2020-05-14 09:38:09'),
(806, NULL, NULL, NULL, NULL, NULL, NULL, NULL, NULL, NULL, NULL, NULL, NULL, NULL, '806.pdf', 1, '2020-05-14 09:38:40'),
(807, NULL, NULL, NULL, NULL, NULL, NULL, NULL, NULL, NULL, NULL, NULL, NULL, NULL, '807.pdf', 1, '2020-05-14 09:38:54'),
(808, NULL, NULL, NULL, NULL, NULL, NULL, NULL, NULL, NULL, NULL, NULL, NULL, NULL, '808.pdf', 1, '2020-05-14 09:39:41'),
(809, NULL, NULL, NULL, NULL, NULL, NULL, NULL, NULL, NULL, NULL, NULL, NULL, NULL, '809.pdf', 1, '2020-05-14 09:40:31'),
(810, NULL, NULL, NULL, NULL, NULL, NULL, NULL, NULL, NULL, NULL, NULL, NULL, NULL, '810.pdf', 1, '2020-05-14 09:40:34'),
(811, NULL, NULL, NULL, NULL, NULL, NULL, NULL, NULL, NULL, NULL, NULL, NULL, NULL, '811.pdf', 1, '2020-05-14 09:41:02'),
(812, NULL, NULL, NULL, NULL, NULL, NULL, NULL, NULL, NULL, NULL, NULL, NULL, NULL, '812.pdf', 1, '2020-05-14 09:41:34'),
(813, NULL, NULL, NULL, NULL, NULL, NULL, NULL, NULL, NULL, NULL, NULL, NULL, NULL, '813.pdf', 1, '2020-05-14 09:41:48'),
(814, NULL, NULL, NULL, NULL, NULL, NULL, NULL, NULL, NULL, NULL, NULL, NULL, NULL, '814.pdf', 1, '2020-05-14 09:42:18'),
(815, NULL, NULL, NULL, NULL, NULL, NULL, NULL, NULL, NULL, NULL, NULL, NULL, NULL, '815.pdf', 2, '2020-05-14 10:35:45'),
(816, NULL, NULL, NULL, NULL, NULL, NULL, NULL, NULL, NULL, NULL, NULL, NULL, NULL, '816.pdf', 2, '2020-05-14 10:38:02'),
(817, NULL, NULL, NULL, NULL, NULL, NULL, NULL, NULL, NULL, NULL, NULL, NULL, NULL, '817.pdf', 2, '2020-05-14 10:38:39'),
(818, NULL, NULL, NULL, NULL, NULL, NULL, NULL, NULL, NULL, NULL, NULL, NULL, NULL, '818.pdf', 2, '2020-05-14 10:38:50'),
(819, NULL, NULL, NULL, NULL, NULL, NULL, NULL, NULL, NULL, NULL, NULL, NULL, NULL, '819.pdf', 2, '2020-05-14 10:40:27'),
(820, NULL, NULL, NULL, NULL, NULL, NULL, NULL, NULL, NULL, NULL, NULL, NULL, NULL, '820.pdf', 2, '2020-05-14 10:40:47'),
(821, NULL, NULL, NULL, NULL, NULL, NULL, NULL, NULL, NULL, NULL, NULL, NULL, NULL, '821.pdf', 2, '2020-05-14 10:41:49'),
(822, NULL, NULL, NULL, NULL, NULL, NULL, NULL, NULL, NULL, NULL, NULL, NULL, NULL, '822.pdf', 2, '2020-05-14 10:42:44'),
(823, NULL, NULL, NULL, NULL, NULL, NULL, NULL, NULL, NULL, NULL, NULL, NULL, NULL, '823.pdf', 2, '2020-05-14 10:43:12'),
(824, NULL, NULL, NULL, NULL, NULL, NULL, NULL, NULL, NULL, NULL, NULL, NULL, NULL, '824.pdf', 2, '2020-05-14 10:43:44'),
(825, NULL, NULL, NULL, NULL, NULL, NULL, NULL, NULL, NULL, NULL, NULL, NULL, NULL, '825.pdf', 2, '2020-05-14 10:43:59'),
(826, NULL, NULL, NULL, NULL, NULL, NULL, NULL, NULL, NULL, NULL, NULL, NULL, NULL, '826.pdf', 2, '2020-05-14 10:44:49'),
(827, NULL, NULL, NULL, NULL, NULL, NULL, NULL, NULL, NULL, NULL, NULL, NULL, NULL, '827.pdf', 2, '2020-05-14 10:45:25'),
(828, NULL, NULL, NULL, NULL, NULL, NULL, NULL, NULL, NULL, NULL, NULL, NULL, NULL, '828.pdf', 2, '2020-05-14 10:45:45'),
(829, NULL, NULL, NULL, NULL, NULL, NULL, NULL, NULL, NULL, NULL, NULL, NULL, NULL, '829.pdf', 2, '2020-05-14 10:46:00'),
(830, NULL, NULL, NULL, NULL, NULL, NULL, NULL, NULL, NULL, NULL, NULL, NULL, NULL, '830.pdf', 2, '2020-05-14 10:48:08'),
(831, NULL, NULL, NULL, NULL, NULL, NULL, NULL, NULL, NULL, NULL, NULL, NULL, NULL, '831.pdf', 2, '2020-05-14 10:48:30'),
(832, NULL, NULL, NULL, NULL, NULL, NULL, NULL, NULL, NULL, NULL, NULL, NULL, NULL, '832.pdf', 2, '2020-05-14 10:49:17'),
(833, NULL, NULL, NULL, NULL, NULL, NULL, NULL, NULL, NULL, NULL, NULL, NULL, NULL, '833.pdf', 2, '2020-05-14 10:49:40'),
(834, NULL, NULL, NULL, NULL, NULL, NULL, NULL, NULL, NULL, NULL, NULL, NULL, NULL, '834.pdf', 2, '2020-05-14 10:52:18'),
(835, NULL, NULL, NULL, NULL, NULL, NULL, NULL, NULL, NULL, NULL, NULL, NULL, NULL, '835.pdf', 2, '2020-05-14 10:53:15'),
(836, NULL, NULL, NULL, NULL, NULL, NULL, NULL, NULL, NULL, NULL, NULL, NULL, NULL, '836.pdf', 2, '2020-05-14 10:55:13'),
(837, NULL, NULL, NULL, NULL, NULL, NULL, NULL, NULL, NULL, NULL, NULL, NULL, NULL, '837.pdf', 2, '2020-05-14 10:55:51'),
(838, NULL, NULL, NULL, NULL, NULL, NULL, NULL, NULL, NULL, NULL, NULL, NULL, NULL, '838.pdf', 2, '2020-05-14 10:56:14');

-- --------------------------------------------------------

--
-- Table structure for table `calculation`
--

CREATE TABLE `calculation` (
  `id` int(11) NOT NULL,
  `name` varchar(255) NOT NULL DEFAULT 'Finanzbaustein',
  `angebotdate` date DEFAULT NULL,
  `kunden_id` int(191) NOT NULL,
  `enabled` tinyint(2) NOT NULL DEFAULT 1,
  `prepared_by` int(11) NOT NULL,
  `bank` varchar(255) NOT NULL,
  `annuities` varchar(255) NOT NULL,
  `to_interest` varchar(255) NOT NULL,
  `effectiveness` varchar(255) NOT NULL,
  `fixed_interest_rates` varchar(255) NOT NULL,
  `monthly_loan` varchar(255) NOT NULL,
  `residual_debt_interest_rate` varchar(255) NOT NULL,
  `calculated_luaf_time` varchar(255) NOT NULL,
  `net_loan_amount` varchar(255) NOT NULL,
  `initial_interest` varchar(255) NOT NULL,
  `optional_sound_recovery` varchar(255) NOT NULL,
  `created_at` timestamp NOT NULL DEFAULT current_timestamp(),
  `updated_at` timestamp NOT NULL DEFAULT current_timestamp() ON UPDATE current_timestamp()
) ENGINE=InnoDB DEFAULT CHARSET=latin1 ROW_FORMAT=DYNAMIC;

--
-- Dumping data for table `calculation`
--

INSERT INTO `calculation` (`id`, `name`, `angebotdate`, `kunden_id`, `enabled`, `prepared_by`, `bank`, `annuities`, `to_interest`, `effectiveness`, `fixed_interest_rates`, `monthly_loan`, `residual_debt_interest_rate`, `calculated_luaf_time`, `net_loan_amount`, `initial_interest`, `optional_sound_recovery`, `created_at`, `updated_at`) VALUES
(1, 'Finanzbaustein1212', '2019-04-04', 1, 1, 5, 'Deutsche Bank', 'ausgesetzt', '2%', '2', '10 Jahre', '917,29', '200.970,44', '33 Jahre, 5 Monate', '325.500', '1%', '2%', '2019-04-03 13:31:07', '2020-04-02 06:48:24'),
(2, 'Finanzbaustein', '2020-04-21', 2, 1, 5, 'Deutsche Bank', 'ausgesetzt', '0%', '0', '1 Jahre', '0,00', '0,00', '1 Jahre, 1 Monate', '0,00', '0%', '0%', '2020-04-21 09:33:55', '2020-04-21 09:33:55'),
(3, 'Finanzbaustein', '2020-05-07', 3, 1, 5, 'Deutsche Bank', 'ausgesetzt', '0%', '0', '1 Jahre', '0,00', '0,00', '1 Jahre, 1 Monate', '0,00', '0%', '0%', '2020-05-07 12:21:31', '2020-05-07 12:21:31'),
(4, 'Finanzbaustein', '2020-05-14', 4, 1, 5, 'Deutsche Bank', 'ausgesetzt', '0%', '0', '1 Jahre', '0,00', '0,00', '1 Jahre, 1 Monate', '0,00', '0%', '0%', '2020-05-14 14:04:40', '2020-05-14 14:04:40'),
(5, 'Finanzbaustein', '2020-05-14', 5, 1, 5, 'Deutsche Bank', 'ausgesetzt', '0%', '0', '1 Jahre', '0,00', '0,00', '1 Jahre, 1 Monate', '0,00', '0%', '0%', '2020-05-14 14:05:49', '2020-05-14 14:05:49');

-- --------------------------------------------------------

--
-- Table structure for table `calc_result`
--

CREATE TABLE `calc_result` (
  `id` int(10) UNSIGNED NOT NULL,
  `kunden_id` varchar(100) COLLATE utf8mb4_unicode_ci NOT NULL,
  `loan_period` varchar(100) COLLATE utf8mb4_unicode_ci NOT NULL,
  `payment_month` varchar(100) COLLATE utf8mb4_unicode_ci NOT NULL,
  `payment_year` varchar(100) COLLATE utf8mb4_unicode_ci NOT NULL,
  `payment_discount` varchar(100) COLLATE utf8mb4_unicode_ci NOT NULL DEFAULT '0,00',
  `borrowing_rate` varchar(100) COLLATE utf8mb4_unicode_ci NOT NULL,
  `montly_deposit_val` varchar(100) COLLATE utf8mb4_unicode_ci NOT NULL,
  `annual_unsheduled_month` varchar(100) COLLATE utf8mb4_unicode_ci NOT NULL,
  `annual_unsheduled_year` varchar(100) COLLATE utf8mb4_unicode_ci NOT NULL,
  `annual_unsheduled_val` varchar(100) COLLATE utf8mb4_unicode_ci NOT NULL,
  `annual_to_month` varchar(100) COLLATE utf8mb4_unicode_ci DEFAULT NULL,
  `annual_to_year` varchar(100) COLLATE utf8mb4_unicode_ci DEFAULT NULL,
  `onetime_unsheduled_month` varchar(100) COLLATE utf8mb4_unicode_ci NOT NULL,
  `onetime_unsheduled_year` varchar(100) COLLATE utf8mb4_unicode_ci NOT NULL,
  `onetime_unsheduled_val` varchar(100) COLLATE utf8mb4_unicode_ci NOT NULL,
  `new_borrowing_rate` varchar(100) COLLATE utf8mb4_unicode_ci NOT NULL,
  `new_repayment_rate_inp` varchar(100) COLLATE utf8mb4_unicode_ci NOT NULL,
  `created_at` timestamp NULL DEFAULT NULL,
  `updated_at` timestamp NULL DEFAULT NULL,
  `registery_fees` varchar(100) COLLATE utf8mb4_unicode_ci DEFAULT NULL,
  `payment_amount` varchar(100) COLLATE utf8mb4_unicode_ci DEFAULT NULL,
  `repayment_date_inp` varchar(100) COLLATE utf8mb4_unicode_ci DEFAULT NULL,
  `message_payment_opt` varchar(100) COLLATE utf8mb4_unicode_ci DEFAULT NULL,
  `outstanding_balance` varchar(100) COLLATE utf8mb4_unicode_ci DEFAULT NULL,
  `effective_interest` varchar(100) COLLATE utf8mb4_unicode_ci DEFAULT NULL,
  `connection_credit` varchar(100) COLLATE utf8mb4_unicode_ci DEFAULT NULL,
  `new_rate_inp` varchar(100) COLLATE utf8mb4_unicode_ci DEFAULT NULL,
  `total_maturity` varchar(100) COLLATE utf8mb4_unicode_ci DEFAULT NULL,
  `sparsumme` varchar(100) COLLATE utf8mb4_unicode_ci DEFAULT '0,00',
  `monthly_interest` varchar(100) COLLATE utf8mb4_unicode_ci DEFAULT '0,00',
  `monthly_saving` varchar(100) COLLATE utf8mb4_unicode_ci DEFAULT '0,00',
  `monthly_payment` varchar(100) COLLATE utf8mb4_unicode_ci DEFAULT '0,00',
  `laufzeit` varchar(100) COLLATE utf8mb4_unicode_ci DEFAULT '1',
  `bausparer_flag` varchar(100) COLLATE utf8mb4_unicode_ci DEFAULT NULL,
  `acquisition_fee` varchar(100) COLLATE utf8mb4_unicode_ci DEFAULT NULL,
  `bausparer_pay_type` varchar(100) COLLATE utf8mb4_unicode_ci DEFAULT NULL
) ENGINE=InnoDB DEFAULT CHARSET=utf8mb4 COLLATE=utf8mb4_unicode_ci ROW_FORMAT=DYNAMIC;

--
-- Dumping data for table `calc_result`
--

INSERT INTO `calc_result` (`id`, `kunden_id`, `loan_period`, `payment_month`, `payment_year`, `payment_discount`, `borrowing_rate`, `montly_deposit_val`, `annual_unsheduled_month`, `annual_unsheduled_year`, `annual_unsheduled_val`, `annual_to_month`, `annual_to_year`, `onetime_unsheduled_month`, `onetime_unsheduled_year`, `onetime_unsheduled_val`, `new_borrowing_rate`, `new_repayment_rate_inp`, `created_at`, `updated_at`, `registery_fees`, `payment_amount`, `repayment_date_inp`, `message_payment_opt`, `outstanding_balance`, `effective_interest`, `connection_credit`, `new_rate_inp`, `total_maturity`, `sparsumme`, `monthly_interest`, `monthly_saving`, `monthly_payment`, `laufzeit`, `bausparer_flag`, `acquisition_fee`, `bausparer_pay_type`) VALUES
(12, '1', '10', '7', '2020', '0.00', '2', '3.976,00', '1', '2020', '0', '1', '2024', '12', '2032', '0', '2', '2,55', NULL, NULL, '735,00', '360.110,00', NULL, NULL, '234071,50', '0.05', '234071,50', '1.365,42', '8/3', '360.110,00', '600,18', '1050,32', '1650,50', '10', 'true', '1,2', 'month'),
(13, '2', '15', '7', '2020', '0,00', '1,5', '1.205,00', '', '2020', '0', NULL, '2020', '', '2020', '0', '1,5', '3,02', NULL, NULL, '635,00', '300.000,00', '3,32', NULL, '132.574,55', '1,51', '132.574,55', '1.130,00', '25/7', '0,00', '0,00', '0,00', '0,00', '1', 'false', '0,00', 'one'),
(14, '3', '10', '6', '2020', '0,00', '1,1', '1.998,48', '', '2020', '0', NULL, '2020', '', '2020', '0', '2,35', '2,94', NULL, NULL, '485,00', '227.000,00', NULL, NULL, '147550,00', '1,11', '147550,00', '1000', '10/1', '227.000,00', '208,08', '441,39', '649,47', '15', 'true', '1', 'month'),
(15, '4', '10', '05', '2020', '0,00', '0', '0', '05', '2020', '0', '05', '2020', '05', '2020', '0', '0', '0', NULL, NULL, '0,00', '0,00', NULL, '', '0,00', '0,00', '0,00', '0,00', '0/0', '0,00', '0,00', '0,00', '0,00', '1', 'false', '0,00', 'one'),
(16, '5', '10', '05', '2020', '0,00', '0', '0', '05', '2020', '0', '05', '2020', '05', '2020', '0', '0', '0', NULL, NULL, '0,00', '0,00', NULL, '', '0,00', '0,00', '0,00', '0,00', '0/0', '0,00', '0,00', '0,00', '0,00', '1', 'false', '0,00', 'one');

-- --------------------------------------------------------

--
-- Table structure for table `checklists`
--

CREATE TABLE `checklists` (
  `id` int(10) UNSIGNED NOT NULL,
  `body` varchar(191) COLLATE utf8mb4_unicode_ci NOT NULL,
  `category_id` int(10) UNSIGNED NOT NULL,
  `is_active` tinyint(1) NOT NULL DEFAULT 1,
  `deleted_at` timestamp NULL DEFAULT NULL,
  `created_at` timestamp NULL DEFAULT NULL,
  `updated_at` timestamp NULL DEFAULT NULL
) ENGINE=InnoDB DEFAULT CHARSET=utf8mb4 COLLATE=utf8mb4_unicode_ci ROW_FORMAT=DYNAMIC;

--
-- Dumping data for table `checklists`
--

INSERT INTO `checklists` (`id`, `body`, `category_id`, `is_active`, `deleted_at`, `created_at`, `updated_at`) VALUES
(1, 'Test', 0, 1, '2019-06-12 10:32:41', '2019-06-12 07:05:45', '2019-06-12 10:32:41'),
(2, 'Test 2', 0, 1, '2019-06-12 10:32:42', '2019-06-12 07:05:51', '2019-06-12 10:32:42'),
(3, 'TEST', 1, 1, '2019-06-17 10:40:38', '2019-06-17 10:40:32', '2019-06-17 10:40:38'),
(4, 'Kopie Ausweis in Farbe beidseitig', 2, 1, NULL, '2019-06-17 10:41:47', '2019-06-17 10:41:47'),
(5, 'Anbei Darlehensanfrage (bitte ausfllen und gegenzeichnen)', 2, 1, NULL, '2019-06-17 10:42:03', '2019-06-17 10:42:03'),
(6, 'Lohn- / Gehaltsabrechnungen (die letzten 3)', 3, 1, NULL, '2019-06-17 10:42:34', '2019-06-17 10:42:34'),
(7, 'Abrechnungen Nebenttigkeit (die letzten 3)', 3, 1, NULL, '2019-06-17 10:42:57', '2019-06-17 10:47:31'),
(8, 'Bezgemitteilungen (die letzte)', 3, 1, NULL, '2019-06-17 10:47:24', '2019-06-17 10:47:24'),
(9, 'Lohnsteuerbescheinigung  Vorjahr oder Dezember-Abrechnung des Vorjahres', 3, 1, NULL, '2019-06-17 10:47:43', '2019-06-17 10:47:47'),
(10, 'Letzter vorliegender Einkommensteuerbescheid mit dazugehriger Erklrung (inkl. aller Anlagen)', 3, 1, NULL, '2019-06-17 10:49:00', '2019-06-17 10:49:20'),
(11, 'Ihre letzten 3 Bilanzen / Gewinnermittlungen sowie die aktuelle BWA mit Summen- und Saldenliste', 3, 1, NULL, '2019-06-17 10:49:15', '2019-06-17 10:49:15'),
(12, 'Elterngeldbescheid', 3, 1, NULL, '2019-06-17 10:49:32', '2019-06-17 10:49:32'),
(13, 'Elterngeldbescheid', 3, 1, '2019-06-17 10:49:53', '2019-06-17 10:49:48', '2019-06-17 10:49:53'),
(14, 'Nachweis sonstige Einknfte', 3, 1, NULL, '2019-06-17 10:50:07', '2019-06-17 10:50:07'),
(15, 'Aktuelle Renteninformation / Versorgungsauskunft / Beamtenpension / Nachweis privater Rentenversicherungen', 3, 1, NULL, '2019-06-17 10:50:39', '2019-06-17 10:50:39'),
(16, 'Mietaufstellung inkl. Nettokaltmieten', 3, 1, NULL, '2019-06-17 10:50:51', '2019-06-17 10:50:51'),
(17, 'Kopie Mietvertrge', 3, 1, NULL, '2019-06-17 10:51:01', '2019-06-17 10:51:01'),
(18, 'Nachweis private Krankenversicherung', 4, 1, NULL, '2019-06-17 11:02:07', '2019-06-17 11:02:07'),
(19, 'Bei bestehenden Immobilienfinanzierungen Kopien der Darlehensvertrge mit  letztem Jahreskontoauszug oder aktueller Restschuld', 4, 1, NULL, '2019-06-17 11:02:19', '2019-06-17 11:02:47'),
(20, 'Nachweis Unterhaltsverpflichtungen', 4, 1, NULL, '2019-06-17 11:02:25', '2019-06-17 11:02:44'),
(21, 'Kopie Bankguthaben / Bausparguthaben / Lebensversicherungs-Rckkaufswerte, etc', 4, 1, NULL, '2019-06-17 11:02:41', '2019-06-17 11:02:41'),
(22, 'Kreditvertrge Privatkredite bzw. Leasingvertrge mit Angabe der monatlichen Belastung  und  letzter Jahreskontoauszug  oder aktueller Restschuld', 5, 1, NULL, '2019-06-17 11:03:01', '2019-06-17 11:03:21'),
(23, 'Expos oder Link zur Immobilie', 6, 1, NULL, '2019-06-17 11:03:40', '2019-06-17 11:04:59'),
(24, 'Farbfotos von auen', 6, 1, NULL, '2019-06-17 11:03:45', '2019-06-17 11:04:51'),
(25, 'Baubeschreibung', 6, 1, NULL, '2019-06-17 11:03:50', '2019-06-17 11:04:46'),
(26, 'Grundstckskaufvertrag', 6, 1, NULL, '2019-06-17 11:03:57', '2019-06-17 11:04:43'),
(27, 'Grundbuchauszug (nicht lter als 3 Monate)', 6, 1, NULL, '2019-06-17 11:04:10', '2019-06-17 11:04:41'),
(28, 'Aktuelle Flurkarte / Lageplan', 6, 1, NULL, '2019-06-17 11:05:11', '2019-06-17 11:05:11'),
(29, 'Bemate Bauplne (Grundriss / Ansicht / Schnitt)', 6, 1, NULL, '2019-06-17 11:05:20', '2019-06-17 11:05:20'),
(30, 'Wohnflchenberechnung', 6, 1, NULL, '2019-06-17 11:05:30', '2019-06-17 11:05:30'),
(31, 'Bruttogrundflche (BGF)', 6, 1, NULL, '2019-06-17 11:05:45', '2019-06-17 11:05:45'),
(32, 'Erbbaurechtsvertrag', 6, 1, NULL, '2019-06-17 11:05:54', '2019-06-17 11:05:54'),
(33, 'Erbpachtvertrag', 6, 1, NULL, '2019-06-17 11:06:06', '2019-06-17 11:06:06'),
(34, 'Bei Eigentumswohnungen: Teilungserklrung mit Aufteilungsplan', 6, 1, NULL, '2019-06-17 11:07:32', '2019-06-17 11:07:32'),
(35, 'Baukostenaufstellung (Architekt / Bautrger)', 6, 1, NULL, '2019-06-17 11:08:04', '2019-06-17 11:08:04'),
(36, 'Aufstellung der geplanten Eigenleistungen', 6, 1, NULL, '2019-06-17 11:08:12', '2019-06-17 11:08:12'),
(37, 'Detaillierte Aufstellung evtl. geplanter Modernisierungskosten', 6, 1, NULL, '2019-06-17 11:08:20', '2019-06-17 11:08:20'),
(38, 'Mietaufstellung inkl. Nettokaltmieten', 6, 1, NULL, '2019-06-17 11:08:30', '2019-06-17 11:08:30'),
(39, 'Kopie Mietvertrge', 6, 1, '2019-06-18 11:37:16', '2019-06-17 11:09:06', '2019-06-18 11:37:16'),
(40, 'Kopie Bankguthaben / Bausparguthaben / Lebensversicherungs-Rckkaufswerte, etc', 7, 1, NULL, '2019-06-17 11:10:30', '2019-06-17 11:10:30'),
(41, 'Grundbuchauszug bei weiterem Immobilienbesitz', 7, 1, NULL, '2019-06-17 11:10:41', '2019-06-17 11:10:41'),
(42, 'Mietvertrge', 6, 1, NULL, '2019-06-18 11:37:25', '2019-06-18 11:37:25');

-- --------------------------------------------------------

--
-- Table structure for table `checklist_categories`
--

CREATE TABLE `checklist_categories` (
  `id` int(10) UNSIGNED NOT NULL,
  `name` varchar(191) COLLATE utf8mb4_unicode_ci NOT NULL,
  `is_active` tinyint(1) NOT NULL DEFAULT 1,
  `deleted_at` timestamp NULL DEFAULT NULL,
  `created_at` timestamp NULL DEFAULT NULL,
  `updated_at` timestamp NULL DEFAULT NULL
) ENGINE=InnoDB DEFAULT CHARSET=utf8mb4 COLLATE=utf8mb4_unicode_ci ROW_FORMAT=DYNAMIC;

--
-- Dumping data for table `checklist_categories`
--

INSERT INTO `checklist_categories` (`id`, `name`, `is_active`, `deleted_at`, `created_at`, `updated_at`) VALUES
(1, 'Test', 1, '2019-06-17 10:41:30', '2019-06-17 10:40:27', '2019-06-17 10:41:30'),
(2, 'Persnliche Unterlagen', 1, NULL, '2019-06-17 10:41:36', '2019-06-17 10:41:36'),
(3, 'Einnahmen', 1, NULL, '2019-06-17 10:42:11', '2019-06-17 10:42:11'),
(4, 'Ausgaben', 1, NULL, '2019-06-17 10:51:11', '2019-06-17 10:51:11'),
(5, 'Verbindlichkeiten', 1, NULL, '2019-06-17 11:03:16', '2019-06-17 11:03:16'),
(6, 'Finanzierungsobjekt', 1, NULL, '2019-06-17 11:03:31', '2019-06-17 11:03:31'),
(7, 'Vermgen', 1, NULL, '2019-06-17 11:09:56', '2019-06-17 11:09:56');

-- --------------------------------------------------------

--
-- Table structure for table `checklist_ehepartner`
--

CREATE TABLE `checklist_ehepartner` (
  `kunden_id` int(10) UNSIGNED NOT NULL,
  `checklist_id` int(10) UNSIGNED NOT NULL
) ENGINE=InnoDB DEFAULT CHARSET=utf8mb4 COLLATE=utf8mb4_unicode_ci ROW_FORMAT=DYNAMIC;

--
-- Dumping data for table `checklist_ehepartner`
--

INSERT INTO `checklist_ehepartner` (`kunden_id`, `checklist_id`) VALUES
(1, 1),
(1, 10),
(1, 11),
(1, 12),
(1, 14),
(1, 17),
(1, 21),
(1, 23),
(1, 40),
(1, 36),
(1, 15),
(1, 16),
(1, 41),
(1, 6),
(1, 4),
(1, 5),
(1, 32),
(100, 200);

-- --------------------------------------------------------

--
-- Table structure for table `checklist_kunden`
--

CREATE TABLE `checklist_kunden` (
  `kunden_id` int(10) UNSIGNED NOT NULL,
  `checklist_id` int(10) UNSIGNED NOT NULL
) ENGINE=InnoDB DEFAULT CHARSET=utf8mb4 COLLATE=utf8mb4_unicode_ci ROW_FORMAT=DYNAMIC;

--
-- Dumping data for table `checklist_kunden`
--

INSERT INTO `checklist_kunden` (`kunden_id`, `checklist_id`) VALUES
(1, 2),
(1, 5),
(1, 6),
(1, 7),
(1, 8),
(1, 31),
(1, 39),
(1, 38),
(1, 32),
(1, 27),
(1, 35),
(1, 4),
(1, 9);

-- --------------------------------------------------------

--
-- Table structure for table `customer_timelines`
--

CREATE TABLE `customer_timelines` (
  `id` int(10) UNSIGNED NOT NULL,
  `kundens_id` int(10) UNSIGNED NOT NULL,
  `calculation_id` int(10) UNSIGNED NOT NULL,
  `darlehen` int(11) NOT NULL,
  `zinsstaz` int(11) NOT NULL,
  `tilgung` int(11) NOT NULL,
  `laufzeit` int(11) NOT NULL,
  `rate_monatl` int(11) NOT NULL,
  `restschuld` int(11) NOT NULL,
  `created_at` timestamp NULL DEFAULT NULL,
  `updated_at` timestamp NULL DEFAULT NULL
) ENGINE=InnoDB DEFAULT CHARSET=utf8mb4 COLLATE=utf8mb4_unicode_ci ROW_FORMAT=DYNAMIC;

-- --------------------------------------------------------

--
-- Table structure for table `groups`
--

CREATE TABLE `groups` (
  `id` int(3) NOT NULL,
  `name` varchar(50) DEFAULT NULL,
  `address` varchar(50) DEFAULT NULL,
  `postal_code` int(11) DEFAULT NULL,
  `city` varchar(50) DEFAULT NULL,
  `street` varchar(50) DEFAULT NULL,
  `street_num` int(11) DEFAULT NULL,
  `created_at` timestamp NULL DEFAULT NULL,
  `updated_at` timestamp NULL DEFAULT NULL
) ENGINE=InnoDB DEFAULT CHARSET=latin1 ROW_FORMAT=DYNAMIC;

--
-- Dumping data for table `groups`
--

INSERT INTO `groups` (`id`, `name`, `address`, `postal_code`, `city`, `street`, `street_num`, `created_at`, `updated_at`) VALUES
(1, 'Nettetal - Kintzelmann', 'dssdf', 47906, 'Nordrhein-Westfalen - Kempen', 'Grtschesweg', 4, '2019-02-26 08:10:18', '2019-02-26 08:10:18'),
(2, 'Hckelhoven - Sternad', NULL, 12345, 'Hckelhoven', 'Hckelstrae', 3, '2019-02-26 08:20:21', '2019-02-26 08:20:21');

-- --------------------------------------------------------

--
-- Table structure for table `immobilies`
--

CREATE TABLE `immobilies` (
  `id` int(10) UNSIGNED NOT NULL,
  `created_at` timestamp NULL DEFAULT NULL,
  `updated_at` timestamp NULL DEFAULT NULL,
  `kaufpreis` int(11) NOT NULL,
  `kosten_umbau_modernisierung` int(11) NOT NULL,
  `kosten_notar_grundbuch` int(11) NOT NULL,
  `grunderwerbssteuer` int(11) NOT NULL,
  `maklerkosten` int(11) NOT NULL
) ENGINE=InnoDB DEFAULT CHARSET=utf8mb4 COLLATE=utf8mb4_unicode_ci ROW_FORMAT=DYNAMIC;

-- --------------------------------------------------------

--
-- Table structure for table `kundens`
--

CREATE TABLE `kundens` (
  `id` int(10) UNSIGNED NOT NULL,
  `created_at` timestamp NULL DEFAULT NULL,
  `updated_at` timestamp NULL DEFAULT NULL,
  `user_id` int(10) UNSIGNED NOT NULL,
  `anrede` enum('herr','frau') COLLATE utf8mb4_unicode_ci DEFAULT NULL,
  `vorname` varchar(191) COLLATE utf8mb4_unicode_ci NOT NULL,
  `nachname` varchar(191) COLLATE utf8mb4_unicode_ci NOT NULL,
  `strasse` varchar(191) COLLATE utf8mb4_unicode_ci NOT NULL,
  `plz` int(11) NOT NULL,
  `wohnort` varchar(191) COLLATE utf8mb4_unicode_ci NOT NULL,
  `mail` varchar(191) COLLATE utf8mb4_unicode_ci NOT NULL,
  `telefon` varchar(191) COLLATE utf8mb4_unicode_ci NOT NULL,
  `geburtsdatum` varchar(191) COLLATE utf8mb4_unicode_ci NOT NULL,
  `kaufpreis` varchar(191) COLLATE utf8mb4_unicode_ci DEFAULT NULL,
  `kostenumbau` varchar(191) COLLATE utf8mb4_unicode_ci DEFAULT NULL,
  `kostennotar` varchar(191) COLLATE utf8mb4_unicode_ci DEFAULT NULL,
  `grunderwerbssteuer` varchar(191) COLLATE utf8mb4_unicode_ci DEFAULT NULL,
  `maklerkosten` varchar(191) COLLATE utf8mb4_unicode_ci DEFAULT NULL,
  `kostennotar_value` varchar(191) COLLATE utf8mb4_unicode_ci DEFAULT '0.00',
  `grunderwerbssteuer_value` varchar(191) COLLATE utf8mb4_unicode_ci DEFAULT '0.00',
  `maklerkosten_value` varchar(191) COLLATE utf8mb4_unicode_ci DEFAULT '0.00',
  `gesamtkosten` varchar(191) COLLATE utf8mb4_unicode_ci DEFAULT NULL,
  `eigenkapital` varchar(191) COLLATE utf8mb4_unicode_ci DEFAULT NULL,
  `finanzierungsbedarf` varchar(191) COLLATE utf8mb4_unicode_ci DEFAULT NULL,
  `loan_amount` varchar(255) COLLATE utf8mb4_unicode_ci NOT NULL,
  `ehepartner_enabled` tinyint(2) DEFAULT 0,
  `ehepartner_vorname` varchar(191) COLLATE utf8mb4_unicode_ci DEFAULT NULL,
  `ehepartner_nachname` varchar(191) COLLATE utf8mb4_unicode_ci DEFAULT NULL,
  `ehepartner_mail` varchar(191) COLLATE utf8mb4_unicode_ci DEFAULT NULL,
  `ehepartner_telefon` varchar(191) COLLATE utf8mb4_unicode_ci DEFAULT NULL,
  `ehepartner_geburtsdatum` varchar(191) COLLATE utf8mb4_unicode_ci DEFAULT NULL
) ENGINE=InnoDB DEFAULT CHARSET=utf8mb4 COLLATE=utf8mb4_unicode_ci ROW_FORMAT=DYNAMIC;

--
-- Dumping data for table `kundens`
--

INSERT INTO `kundens` (`id`, `created_at`, `updated_at`, `user_id`, `anrede`, `vorname`, `nachname`, `strasse`, `plz`, `wohnort`, `mail`, `telefon`, `geburtsdatum`, `kaufpreis`, `kostenumbau`, `kostennotar`, `grunderwerbssteuer`, `maklerkosten`, `kostennotar_value`, `grunderwerbssteuer_value`, `maklerkosten_value`, `gesamtkosten`, `eigenkapital`, `finanzierungsbedarf`, `loan_amount`, `ehepartner_enabled`, `ehepartner_vorname`, `ehepartner_nachname`, `ehepartner_mail`, `ehepartner_telefon`, `ehepartner_geburtsdatum`) VALUES
(1, '2019-02-26 08:10:55', '2020-05-14 03:39:06', 5, NULL, 'Patrick', 'Dierig', 'Grtschesweg, 4', 47906, 'Nordrhein-Westfalen - Kempen', 'p-dierig@einfachmedial.de', '015204967292', '2017-10-30', '300000.00', '20000.00', '2.0', '6.5', '4.87', '6000.0', '19.5000', '14610.0', '360110.00', '0', '360110.00', '360110.00', 0, 'Bettina', 'Dierig', 'p-dierig@einfachmedial.de', '015204967292', '1993-02-12'),
(2, '2020-04-21 04:03:54', '2020-05-14 04:45:27', 5, NULL, 'Test', 'Customer', 'test street', 12345, 'Krefeld', 'test@test.com', '1234567899', '2015-10-29', '300000.00', '0.00', '2.0', '2.0', '4.60', '6000000.0', '6.000.0000', '13800000.0', '325800.00', '25800.00', '300000.00', '300000.00', 0, NULL, NULL, NULL, NULL, NULL),
(3, '2020-05-07 10:21:31', '2020-05-07 10:37:47', 27, NULL, 'Markus', 'Kintzelmann', 'Obere Frberstrae 17a', 41334, 'Nettetal', 'info@mkhyp.de', '12345678', '2010-02-02', '200000.00', '10000.00', '2.0', '6.5', '0.00', '4000000000000', '13000000000000', '00', '227000.00', '0', '227000.00', '227000.00', 0, NULL, NULL, NULL, NULL, NULL),
(4, '2020-05-14 08:34:40', '2020-05-14 08:50:09', 5, 'herr', 'test', 'abc', 'test', 123456, 'test', 'test@gmail.com', '123', '2020-05-15', '0.00', '0.00', '0.0', '0.0', '0.00', '0.0', '00', '0.0', '0.00', '0', '0.00', '0.00', 0, NULL, NULL, NULL, NULL, NULL),
(5, '2020-05-14 08:35:49', '2020-05-14 08:46:42', 5, '', 'jjdf', 'jsjdsj', 'jsdjsj', 34, 'woh', 'mail@gmail.com', 'telephp', '2020-05-15', '0.00', '0.00', '0.0', '0.0', '0.00', '0.0', '00', '0.0', '0.00', '0', '0.00', '0.00', 0, NULL, NULL, NULL, NULL, NULL);

-- --------------------------------------------------------

--
-- Table structure for table `migrations`
--

CREATE TABLE `migrations` (
  `id` int(10) UNSIGNED NOT NULL,
  `migration` varchar(191) COLLATE utf8mb4_unicode_ci NOT NULL,
  `batch` int(11) NOT NULL
) ENGINE=InnoDB DEFAULT CHARSET=utf8mb4 COLLATE=utf8mb4_unicode_ci ROW_FORMAT=DYNAMIC;

--
-- Dumping data for table `migrations`
--

INSERT INTO `migrations` (`id`, `migration`, `batch`) VALUES
(1, '2018_11_21_101915_create_tests_table', 1),
(2, '2018_11_21_130836_create_timeline', 2),
(3, '2018_11_21_134854_update_zeitstrahl_tabelle', 3),
(4, '2018_11_21_161940_update_zeitstrahl_tabelle_zwei', 4),
(5, '2019_06_11_055129_create_checklists_table', 5),
(6, '2019_06_12_092208_create_checklist_ehepartner_table', 6),
(7, '2019_06_12_112354_add_category_column_to_checklists_table', 7),
(8, '2019_06_13_044648_create_checklist_categories_table', 8),
(9, '2019_06_18_123018_create_customer_timelines_table', 9),
(11, '2019_08_24_100742_create_calc_result_table', 10),
(12, '2019_08_26_100613_add_two_columns_to_repayments_table', 11);

-- --------------------------------------------------------

--
-- Table structure for table `password_resets`
--

CREATE TABLE `password_resets` (
  `email` varchar(191) COLLATE utf8mb4_unicode_ci NOT NULL,
  `token` varchar(191) COLLATE utf8mb4_unicode_ci NOT NULL,
  `created_at` timestamp NULL DEFAULT NULL
) ENGINE=InnoDB DEFAULT CHARSET=utf8mb4 COLLATE=utf8mb4_unicode_ci ROW_FORMAT=DYNAMIC;

--
-- Dumping data for table `password_resets`
--

INSERT INTO `password_resets` (`email`, `token`, `created_at`) VALUES
('p-dierig@einfachmedial.de', '$2y$10$JyeHPWr3pd.uj1BKuUVxouxgZUl.jdviX6QPo9u61F49fsStB25jm', '2019-06-05 10:21:46');

-- --------------------------------------------------------

--
-- Table structure for table `repayments`
--

CREATE TABLE `repayments` (
  `id` int(10) UNSIGNED NOT NULL,
  `created_at` timestamp NULL DEFAULT NULL,
  `updated_at` timestamp NULL DEFAULT NULL,
  `zinsen` varchar(255) COLLATE utf8mb4_unicode_ci NOT NULL,
  `tilgung` varchar(255) COLLATE utf8mb4_unicode_ci NOT NULL,
  `darlehensrest` varchar(255) COLLATE utf8mb4_unicode_ci NOT NULL,
  `kundens_id` int(11) NOT NULL,
  `repayment_date` varchar(20) COLLATE utf8mb4_unicode_ci NOT NULL,
  `rate` varchar(191) COLLATE utf8mb4_unicode_ci NOT NULL,
  `sonder_tilgung` varchar(191) COLLATE utf8mb4_unicode_ci DEFAULT NULL
) ENGINE=InnoDB DEFAULT CHARSET=utf8mb4 COLLATE=utf8mb4_unicode_ci ROW_FORMAT=DYNAMIC;

--
-- Dumping data for table `repayments`
--

INSERT INTO `repayments` (`id`, `created_at`, `updated_at`, `zinsen`, `tilgung`, `darlehensrest`, `kundens_id`, `repayment_date`, `rate`, `sonder_tilgung`) VALUES
(14084, '2020-05-07 10:37:46', '2020-05-07 10:37:46', '__', '__', '227000', 3, '6/2020', '__', '__'),
(14085, '2020-05-07 10:37:46', '2020-05-07 10:37:46', '208.08', '1790.40', '225209.60', 3, '7/2020', '1998.48', '0.00'),
(14086, '2020-05-07 10:37:46', '2020-05-07 10:37:46', '206.44', '1792.04', '223417.57', 3, '8/2020', '1998.48', '0.00'),
(14087, '2020-05-07 10:37:46', '2020-05-07 10:37:46', '204.80', '1793.68', '221623.88', 3, '9/2020', '1998.48', '0.00'),
(14088, '2020-05-07 10:37:46', '2020-05-07 10:37:46', '203.16', '1795.32', '219828.56', 3, '10/2020', '1998.48', '0.00'),
(14089, '2020-05-07 10:37:46', '2020-05-07 10:37:46', '201.51', '1796.97', '218031.59', 3, '11/2020', '1998.48', '0.00'),
(14090, '2020-05-07 10:37:46', '2020-05-07 10:37:46', '199.86', '1798.62', '216232.97', 3, '12/2020', '1998.48', '0.00'),
(14091, '2020-05-07 10:37:46', '2020-05-07 10:37:46', '198.21', '1800.27', '214432.71', 3, '1/2021', '1998.48', '0.00'),
(14092, '2020-05-07 10:37:46', '2020-05-07 10:37:46', '196.56', '1801.92', '212630.79', 3, '2/2021', '1998.48', '0.00'),
(14093, '2020-05-07 10:37:46', '2020-05-07 10:37:46', '194.91', '1803.57', '210827.22', 3, '3/2021', '1998.48', '0.00'),
(14094, '2020-05-07 10:37:46', '2020-05-07 10:37:46', '193.26', '1805.22', '209022.00', 3, '4/2021', '1998.48', '0.00'),
(14095, '2020-05-07 10:37:46', '2020-05-07 10:37:46', '191.60', '1806.88', '207215.12', 3, '5/2021', '1998.48', '0.00'),
(14096, '2020-05-07 10:37:46', '2020-05-07 10:37:46', '189.95', '1808.53', '205406.59', 3, '6/2021', '1998.48', '0.00'),
(14097, '2020-05-07 10:37:46', '2020-05-07 10:37:46', '188.29', '1810.19', '203596.40', 3, '7/2021', '1998.48', '0.00'),
(14098, '2020-05-07 10:37:46', '2020-05-07 10:37:46', '186.63', '1811.85', '201784.55', 3, '8/2021', '1998.48', '0.00'),
(14099, '2020-05-07 10:37:46', '2020-05-07 10:37:46', '184.97', '1813.51', '199971.04', 3, '9/2021', '1998.48', '0.00'),
(14100, '2020-05-07 10:37:46', '2020-05-07 10:37:46', '183.31', '1815.17', '198155.86', 3, '10/2021', '1998.48', '0.00'),
(14101, '2020-05-07 10:37:46', '2020-05-07 10:37:46', '181.64', '1816.84', '196339.03', 3, '11/2021', '1998.48', '0.00'),
(14102, '2020-05-07 10:37:46', '2020-05-07 10:37:46', '179.98', '1818.50', '194520.53', 3, '12/2021', '1998.48', '0.00'),
(14103, '2020-05-07 10:37:46', '2020-05-07 10:37:46', '178.31', '1820.17', '192700.36', 3, '1/2022', '1998.48', '0.00'),
(14104, '2020-05-07 10:37:46', '2020-05-07 10:37:46', '176.64', '1821.84', '190878.52', 3, '2/2022', '1998.48', '0.00'),
(14105, '2020-05-07 10:37:46', '2020-05-07 10:37:46', '174.97', '1823.51', '189055.01', 3, '3/2022', '1998.48', '0.00'),
(14106, '2020-05-07 10:37:46', '2020-05-07 10:37:46', '173.30', '1825.18', '187229.83', 3, '4/2022', '1998.48', '0.00'),
(14107, '2020-05-07 10:37:46', '2020-05-07 10:37:46', '171.63', '1826.85', '185402.98', 3, '5/2022', '1998.48', '0.00'),
(14108, '2020-05-07 10:37:46', '2020-05-07 10:37:46', '169.95', '1828.53', '183574.45', 3, '6/2022', '1998.48', '0.00'),
(14109, '2020-05-07 10:37:46', '2020-05-07 10:37:46', '168.28', '1830.20', '181744.25', 3, '7/2022', '1998.48', '0.00'),
(14110, '2020-05-07 10:37:46', '2020-05-07 10:37:46', '166.60', '1831.88', '179912.37', 3, '8/2022', '1998.48', '0.00'),
(14111, '2020-05-07 10:37:46', '2020-05-07 10:37:46', '164.92', '1833.56', '178078.81', 3, '9/2022', '1998.48', '0.00'),
(14112, '2020-05-07 10:37:46', '2020-05-07 10:37:46', '163.24', '1835.24', '176243.56', 3, '10/2022', '1998.48', '0.00'),
(14113, '2020-05-07 10:37:46', '2020-05-07 10:37:46', '161.56', '1836.92', '174406.64', 3, '11/2022', '1998.48', '0.00'),
(14114, '2020-05-07 10:37:46', '2020-05-07 10:37:46', '159.87', '1838.61', '172568.03', 3, '12/2022', '1998.48', '0.00'),
(14115, '2020-05-07 10:37:46', '2020-05-07 10:37:46', '158.19', '1840.29', '170727.74', 3, '1/2023', '1998.48', '0.00'),
(14116, '2020-05-07 10:37:46', '2020-05-07 10:37:46', '156.50', '1841.98', '168885.76', 3, '2/2023', '1998.48', '0.00'),
(14117, '2020-05-07 10:37:46', '2020-05-07 10:37:46', '154.81', '1843.67', '167042.09', 3, '3/2023', '1998.48', '0.00'),
(14118, '2020-05-07 10:37:46', '2020-05-07 10:37:46', '153.12', '1845.36', '165196.74', 3, '4/2023', '1998.48', '0.00'),
(14119, '2020-05-07 10:37:46', '2020-05-07 10:37:46', '151.43', '1847.05', '163349.69', 3, '5/2023', '1998.48', '0.00'),
(14120, '2020-05-07 10:37:46', '2020-05-07 10:37:46', '149.74', '1848.74', '161500.94', 3, '6/2023', '1998.48', '0.00'),
(14121, '2020-05-07 10:37:46', '2020-05-07 10:37:46', '148.04', '1850.44', '159650.51', 3, '7/2023', '1998.48', '0.00'),
(14122, '2020-05-07 10:37:46', '2020-05-07 10:37:46', '146.35', '1852.13', '157798.37', 3, '8/2023', '1998.48', '0.00'),
(14123, '2020-05-07 10:37:46', '2020-05-07 10:37:46', '144.65', '1853.83', '155944.54', 3, '9/2023', '1998.48', '0.00'),
(14124, '2020-05-07 10:37:46', '2020-05-07 10:37:46', '142.95', '1855.53', '154089.01', 3, '10/2023', '1998.48', '0.00'),
(14125, '2020-05-07 10:37:46', '2020-05-07 10:37:46', '141.25', '1857.23', '152231.78', 3, '11/2023', '1998.48', '0.00'),
(14126, '2020-05-07 10:37:47', '2020-05-07 10:37:47', '139.55', '1858.93', '150372.84', 3, '12/2023', '1998.48', '0.00'),
(14127, '2020-05-07 10:37:47', '2020-05-07 10:37:47', '137.84', '1860.64', '148512.20', 3, '1/2024', '1998.48', '0.00'),
(14128, '2020-05-07 10:37:47', '2020-05-07 10:37:47', '136.14', '1862.34', '146649.86', 3, '2/2024', '1998.48', '0.00'),
(14129, '2020-05-07 10:37:47', '2020-05-07 10:37:47', '134.43', '1864.05', '144785.81', 3, '3/2024', '1998.48', '0.00'),
(14130, '2020-05-07 10:37:47', '2020-05-07 10:37:47', '132.72', '1865.76', '142920.05', 3, '4/2024', '1998.48', '0.00'),
(14131, '2020-05-07 10:37:47', '2020-05-07 10:37:47', '131.01', '1867.47', '141052.58', 3, '5/2024', '1998.48', '0.00'),
(14132, '2020-05-07 10:37:47', '2020-05-07 10:37:47', '129.30', '1869.18', '139183.40', 3, '6/2024', '1998.48', '0.00'),
(14133, '2020-05-07 10:37:47', '2020-05-07 10:37:47', '127.58', '1870.90', '137312.50', 3, '7/2024', '1998.48', '0.00'),
(14134, '2020-05-07 10:37:47', '2020-05-07 10:37:47', '125.87', '1872.61', '135439.89', 3, '8/2024', '1998.48', '0.00'),
(14135, '2020-05-07 10:37:47', '2020-05-07 10:37:47', '124.15', '1874.33', '133565.57', 3, '9/2024', '1998.48', '0.00'),
(14136, '2020-05-07 10:37:47', '2020-05-07 10:37:47', '122.44', '1876.04', '131689.52', 3, '10/2024', '1998.48', '0.00'),
(14137, '2020-05-07 10:37:47', '2020-05-07 10:37:47', '120.72', '1877.76', '129811.76', 3, '11/2024', '1998.48', '0.00'),
(14138, '2020-05-07 10:37:47', '2020-05-07 10:37:47', '118.99', '1879.49', '127932.27', 3, '12/2024', '1998.48', '0.00'),
(14139, '2020-05-07 10:37:47', '2020-05-07 10:37:47', '117.27', '1881.21', '126051.06', 3, '1/2025', '1998.48', '0.00'),
(14140, '2020-05-07 10:37:47', '2020-05-07 10:37:47', '115.55', '1882.93', '124168.13', 3, '2/2025', '1998.48', '0.00'),
(14141, '2020-05-07 10:37:47', '2020-05-07 10:37:47', '113.82', '1884.66', '122283.47', 3, '3/2025', '1998.48', '0.00'),
(14142, '2020-05-07 10:37:47', '2020-05-07 10:37:47', '112.09', '1886.39', '120397.08', 3, '4/2025', '1998.48', '0.00'),
(14143, '2020-05-07 10:37:47', '2020-05-07 10:37:47', '110.36', '1888.12', '118508.97', 3, '5/2025', '1998.48', '0.00'),
(14144, '2020-05-07 10:37:47', '2020-05-07 10:37:47', '108.63', '1889.85', '116619.12', 3, '6/2025', '1998.48', '0.00'),
(14145, '2020-05-07 10:37:47', '2020-05-07 10:37:47', '106.90', '1891.58', '114727.54', 3, '7/2025', '1998.48', '0.00'),
(14146, '2020-05-07 10:37:47', '2020-05-07 10:37:47', '105.17', '1893.31', '112834.23', 3, '8/2025', '1998.48', '0.00'),
(14147, '2020-05-07 10:37:47', '2020-05-07 10:37:47', '103.43', '1895.05', '110939.18', 3, '9/2025', '1998.48', '0.00'),
(14148, '2020-05-07 10:37:47', '2020-05-07 10:37:47', '101.69', '1896.79', '109042.39', 3, '10/2025', '1998.48', '0.00'),
(14149, '2020-05-07 10:37:47', '2020-05-07 10:37:47', '99.96', '1898.52', '107143.87', 3, '11/2025', '1998.48', '0.00'),
(14150, '2020-05-07 10:37:47', '2020-05-07 10:37:47', '98.22', '1900.26', '105243.60', 3, '12/2025', '1998.48', '0.00'),
(14151, '2020-05-07 10:37:47', '2020-05-07 10:37:47', '96.47', '1902.01', '103341.60', 3, '1/2026', '1998.48', '0.00'),
(14152, '2020-05-07 10:37:47', '2020-05-07 10:37:47', '94.73', '1903.75', '101437.85', 3, '2/2026', '1998.48', '0.00'),
(14153, '2020-05-07 10:37:47', '2020-05-07 10:37:47', '92.98', '1905.50', '99532.35', 3, '3/2026', '1998.48', '0.00'),
(14154, '2020-05-07 10:37:47', '2020-05-07 10:37:47', '91.24', '1907.24', '97625.11', 3, '4/2026', '1998.48', '0.00'),
(14155, '2020-05-07 10:37:47', '2020-05-07 10:37:47', '89.49', '1908.99', '95716.12', 3, '5/2026', '1998.48', '0.00'),
(14156, '2020-05-07 10:37:47', '2020-05-07 10:37:47', '87.74', '1910.74', '93805.38', 3, '6/2026', '1998.48', '0.00'),
(14157, '2020-05-07 10:37:47', '2020-05-07 10:37:47', '85.99', '1912.49', '91892.89', 3, '7/2026', '1998.48', '0.00'),
(14158, '2020-05-07 10:37:47', '2020-05-07 10:37:47', '84.24', '1914.24', '89978.64', 3, '8/2026', '1998.48', '0.00'),
(14159, '2020-05-07 10:37:47', '2020-05-07 10:37:47', '82.48', '1916.00', '88062.64', 3, '9/2026', '1998.48', '0.00'),
(14160, '2020-05-07 10:37:47', '2020-05-07 10:37:47', '80.72', '1917.76', '86144.89', 3, '10/2026', '1998.48', '0.00'),
(14161, '2020-05-07 10:37:47', '2020-05-07 10:37:47', '78.97', '1919.51', '84225.37', 3, '11/2026', '1998.48', '0.00'),
(14162, '2020-05-07 10:37:47', '2020-05-07 10:37:47', '77.21', '1921.27', '82304.10', 3, '12/2026', '1998.48', '0.00'),
(14163, '2020-05-07 10:37:47', '2020-05-07 10:37:47', '75.45', '1923.03', '80381.07', 3, '1/2027', '1998.48', '0.00'),
(14164, '2020-05-07 10:37:47', '2020-05-07 10:37:47', '73.68', '1924.80', '78456.27', 3, '2/2027', '1998.48', '0.00'),
(14165, '2020-05-07 10:37:47', '2020-05-07 10:37:47', '71.92', '1926.56', '76529.71', 3, '3/2027', '1998.48', '0.00'),
(14166, '2020-05-07 10:37:47', '2020-05-07 10:37:47', '70.15', '1928.33', '74601.38', 3, '4/2027', '1998.48', '0.00'),
(14167, '2020-05-07 10:37:47', '2020-05-07 10:37:47', '68.38', '1930.10', '72671.28', 3, '5/2027', '1998.48', '0.00'),
(14168, '2020-05-07 10:37:47', '2020-05-07 10:37:47', '66.62', '1931.86', '70739.42', 3, '6/2027', '1998.48', '0.00'),
(14169, '2020-05-07 10:37:47', '2020-05-07 10:37:47', '64.84', '1933.64', '68805.78', 3, '7/2027', '1998.48', '0.00'),
(14170, '2020-05-07 10:37:47', '2020-05-07 10:37:47', '63.07', '1935.41', '66870.38', 3, '8/2027', '1998.48', '0.00'),
(14171, '2020-05-07 10:37:47', '2020-05-07 10:37:47', '61.30', '1937.18', '64933.19', 3, '9/2027', '1998.48', '0.00'),
(14172, '2020-05-07 10:37:47', '2020-05-07 10:37:47', '59.52', '1938.96', '62994.24', 3, '10/2027', '1998.48', '0.00'),
(14173, '2020-05-07 10:37:47', '2020-05-07 10:37:47', '57.74', '1940.74', '61053.50', 3, '11/2027', '1998.48', '0.00'),
(14174, '2020-05-07 10:37:47', '2020-05-07 10:37:47', '55.97', '1942.51', '59110.99', 3, '12/2027', '1998.48', '0.00'),
(14175, '2020-05-07 10:37:47', '2020-05-07 10:37:47', '54.19', '1944.29', '57166.69', 3, '1/2028', '1998.48', '0.00'),
(14176, '2020-05-07 10:37:47', '2020-05-07 10:37:47', '52.40', '1946.08', '55220.61', 3, '2/2028', '1998.48', '0.00'),
(14177, '2020-05-07 10:37:47', '2020-05-07 10:37:47', '50.62', '1947.86', '53272.75', 3, '3/2028', '1998.48', '0.00'),
(14178, '2020-05-07 10:37:47', '2020-05-07 10:37:47', '48.83', '1949.65', '51323.11', 3, '4/2028', '1998.48', '0.00'),
(14179, '2020-05-07 10:37:47', '2020-05-07 10:37:47', '47.05', '1951.43', '49371.67', 3, '5/2028', '1998.48', '0.00'),
(14180, '2020-05-07 10:37:47', '2020-05-07 10:37:47', '45.26', '1953.22', '47418.45', 3, '6/2028', '1998.48', '0.00'),
(14181, '2020-05-07 10:37:47', '2020-05-07 10:37:47', '43.47', '1955.01', '45463.44', 3, '7/2028', '1998.48', '0.00'),
(14182, '2020-05-07 10:37:47', '2020-05-07 10:37:47', '41.67', '1956.81', '43506.63', 3, '8/2028', '1998.48', '0.00'),
(14183, '2020-05-07 10:37:47', '2020-05-07 10:37:47', '39.88', '1958.60', '41548.03', 3, '9/2028', '1998.48', '0.00'),
(14184, '2020-05-07 10:37:47', '2020-05-07 10:37:47', '38.09', '1960.39', '39587.64', 3, '10/2028', '1998.48', '0.00'),
(14185, '2020-05-07 10:37:47', '2020-05-07 10:37:47', '36.29', '1962.19', '37625.45', 3, '11/2028', '1998.48', '0.00'),
(14186, '2020-05-07 10:37:47', '2020-05-07 10:37:47', '34.49', '1963.99', '35661.46', 3, '12/2028', '1998.48', '0.00'),
(14187, '2020-05-07 10:37:47', '2020-05-07 10:37:47', '32.69', '1965.79', '33695.67', 3, '1/2029', '1998.48', '0.00'),
(14188, '2020-05-07 10:37:47', '2020-05-07 10:37:47', '30.89', '1967.59', '31728.07', 3, '2/2029', '1998.48', '0.00'),
(14189, '2020-05-07 10:37:47', '2020-05-07 10:37:47', '29.08', '1969.40', '29758.68', 3, '3/2029', '1998.48', '0.00'),
(14190, '2020-05-07 10:37:47', '2020-05-07 10:37:47', '27.28', '1971.20', '27787.48', 3, '4/2029', '1998.48', '0.00'),
(14191, '2020-05-07 10:37:47', '2020-05-07 10:37:47', '25.47', '1973.01', '25814.47', 3, '5/2029', '1998.48', '0.00'),
(14192, '2020-05-07 10:37:47', '2020-05-07 10:37:47', '23.66', '1974.82', '23839.65', 3, '6/2029', '1998.48', '0.00'),
(14193, '2020-05-07 10:37:47', '2020-05-07 10:37:47', '21.85', '1976.63', '21863.02', 3, '7/2029', '1998.48', '0.00'),
(14194, '2020-05-07 10:37:47', '2020-05-07 10:37:47', '20.04', '1978.44', '19884.59', 3, '8/2029', '1998.48', '0.00'),
(14195, '2020-05-07 10:37:47', '2020-05-07 10:37:47', '18.23', '1980.25', '17904.33', 3, '9/2029', '1998.48', '0.00'),
(14196, '2020-05-07 10:37:47', '2020-05-07 10:37:47', '16.41', '1982.07', '15922.27', 3, '10/2029', '1998.48', '0.00'),
(14197, '2020-05-07 10:37:47', '2020-05-07 10:37:47', '14.60', '1983.88', '13938.38', 3, '11/2029', '1998.48', '0.00'),
(14198, '2020-05-07 10:37:47', '2020-05-07 10:37:47', '12.78', '1985.70', '11952.68', 3, '12/2029', '1998.48', '0.00'),
(14199, '2020-05-07 10:37:47', '2020-05-07 10:37:47', '10.96', '1987.52', '9965.15', 3, '1/2030', '1998.48', '0.00'),
(14200, '2020-05-07 10:37:47', '2020-05-07 10:37:47', '9.13', '1989.35', '7975.81', 3, '2/2030', '1998.48', '0.00'),
(14201, '2020-05-07 10:37:47', '2020-05-07 10:37:47', '7.31', '1991.17', '5984.64', 3, '3/2030', '1998.48', '0.00'),
(14202, '2020-05-07 10:37:47', '2020-05-07 10:37:47', '5.49', '1992.99', '3991.65', 3, '4/2030', '1998.48', '0.00'),
(14203, '2020-05-07 10:37:47', '2020-05-07 10:37:47', '3.66', '1994.82', '1996.83', 3, '5/2030', '1998.48', '0.00'),
(14204, '2020-05-07 10:37:47', '2020-05-07 10:37:47', '1.83', '1996.65', '0.18', 3, '6/2030', '1998.48', '0.00'),
(14205, '2020-05-14 03:39:05', '2020-05-14 03:39:05', '__', '__', '360110', 1, '7/2020', '__', '__'),
(14206, '2020-05-14 03:39:06', '2020-05-14 03:39:06', '600.18', '3375.82', '356734.18', 1, '8/2020', '3976.00', '0.00'),
(14207, '2020-05-14 03:39:06', '2020-05-14 03:39:06', '594.56', '3381.44', '353352.74', 1, '9/2020', '3976.00', '0.00'),
(14208, '2020-05-14 03:39:07', '2020-05-14 03:39:07', '588.92', '3387.08', '349965.66', 1, '10/2020', '3976.00', '0.00'),
(14209, '2020-05-14 03:39:07', '2020-05-14 03:39:07', '583.28', '3392.72', '346572.94', 1, '11/2020', '3976.00', '0.00'),
(14210, '2020-05-14 03:39:07', '2020-05-14 03:39:07', '577.62', '3398.38', '343174.56', 1, '12/2020', '3976.00', '0.00'),
(14211, '2020-05-14 03:39:07', '2020-05-14 03:39:07', '571.96', '3404.04', '339770.52', 1, '1/2021', '3976.00', '0.00'),
(14212, '2020-05-14 03:39:07', '2020-05-14 03:39:07', '566.28', '3409.72', '336360.80', 1, '2/2021', '3976.00', '0.00'),
(14213, '2020-05-14 03:39:07', '2020-05-14 03:39:07', '560.60', '3415.40', '332945.40', 1, '3/2021', '3976.00', '0.00'),
(14214, '2020-05-14 03:39:07', '2020-05-14 03:39:07', '554.91', '3421.09', '329524.31', 1, '4/2021', '3976.00', '0.00'),
(14215, '2020-05-14 03:39:07', '2020-05-14 03:39:07', '549.21', '3426.79', '326097.52', 1, '5/2021', '3976.00', '0.00'),
(14216, '2020-05-14 03:39:07', '2020-05-14 03:39:07', '543.50', '3432.50', '322665.01', 1, '6/2021', '3976.00', '0.00'),
(14217, '2020-05-14 03:39:07', '2020-05-14 03:39:07', '537.78', '3438.22', '319226.79', 1, '7/2021', '3976.00', '0.00'),
(14218, '2020-05-14 03:39:07', '2020-05-14 03:39:07', '532.04', '3443.96', '315782.83', 1, '8/2021', '3976.00', '0.00'),
(14219, '2020-05-14 03:39:07', '2020-05-14 03:39:07', '526.30', '3449.70', '312333.14', 1, '9/2021', '3976.00', '0.00'),
(14220, '2020-05-14 03:39:07', '2020-05-14 03:39:07', '520.56', '3455.44', '308877.69', 1, '10/2021', '3976.00', '0.00'),
(14221, '2020-05-14 03:39:07', '2020-05-14 03:39:07', '514.80', '3461.20', '305416.49', 1, '11/2021', '3976.00', '0.00'),
(14222, '2020-05-14 03:39:07', '2020-05-14 03:39:07', '509.03', '3466.97', '301949.52', 1, '12/2021', '3976.00', '0.00'),
(14223, '2020-05-14 03:39:07', '2020-05-14 03:39:07', '503.25', '3472.75', '298476.77', 1, '1/2022', '3976.00', '0.00'),
(14224, '2020-05-14 03:39:07', '2020-05-14 03:39:07', '497.46', '3478.54', '294998.23', 1, '2/2022', '3976.00', '0.00'),
(14225, '2020-05-14 03:39:08', '2020-05-14 03:39:08', '491.66', '3484.34', '291513.89', 1, '3/2022', '3976.00', '0.00'),
(14226, '2020-05-14 03:39:08', '2020-05-14 03:39:08', '485.86', '3490.14', '288023.75', 1, '4/2022', '3976.00', '0.00'),
(14227, '2020-05-14 03:39:08', '2020-05-14 03:39:08', '480.04', '3495.96', '284527.79', 1, '5/2022', '3976.00', '0.00'),
(14228, '2020-05-14 03:39:08', '2020-05-14 03:39:08', '474.21', '3501.79', '281026.00', 1, '6/2022', '3976.00', '0.00'),
(14229, '2020-05-14 03:39:08', '2020-05-14 03:39:08', '468.38', '3507.62', '277518.38', 1, '7/2022', '3976.00', '0.00'),
(14230, '2020-05-14 03:39:08', '2020-05-14 03:39:08', '462.53', '3513.47', '274004.91', 1, '8/2022', '3976.00', '0.00'),
(14231, '2020-05-14 03:39:08', '2020-05-14 03:39:08', '456.67', '3519.33', '270485.58', 1, '9/2022', '3976.00', '0.00'),
(14232, '2020-05-14 03:39:08', '2020-05-14 03:39:08', '450.81', '3525.19', '266960.39', 1, '10/2022', '3976.00', '0.00'),
(14233, '2020-05-14 03:39:08', '2020-05-14 03:39:08', '444.93', '3531.07', '263429.33', 1, '11/2022', '3976.00', '0.00'),
(14234, '2020-05-14 03:39:08', '2020-05-14 03:39:08', '439.05', '3536.95', '259892.38', 1, '12/2022', '3976.00', '0.00'),
(14235, '2020-05-14 03:39:08', '2020-05-14 03:39:08', '433.15', '3542.85', '256349.53', 1, '1/2023', '3976.00', '0.00'),
(14236, '2020-05-14 03:39:08', '2020-05-14 03:39:08', '427.25', '3548.75', '252800.78', 1, '2/2023', '3976.00', '0.00'),
(14237, '2020-05-14 03:39:08', '2020-05-14 03:39:08', '421.33', '3554.67', '249246.11', 1, '3/2023', '3976.00', '0.00'),
(14238, '2020-05-14 03:39:08', '2020-05-14 03:39:08', '415.41', '3560.59', '245685.52', 1, '4/2023', '3976.00', '0.00'),
(14239, '2020-05-14 03:39:08', '2020-05-14 03:39:08', '409.48', '3566.52', '242119.00', 1, '5/2023', '3976.00', '0.00'),
(14240, '2020-05-14 03:39:08', '2020-05-14 03:39:08', '403.53', '3572.47', '238546.53', 1, '6/2023', '3976.00', '0.00'),
(14241, '2020-05-14 03:39:08', '2020-05-14 03:39:08', '397.58', '3578.42', '234968.11', 1, '7/2023', '3976.00', '0.00'),
(14242, '2020-05-14 03:39:08', '2020-05-14 03:39:08', '391.61', '3584.39', '231383.72', 1, '8/2023', '3976.00', '0.00'),
(14243, '2020-05-14 03:39:08', '2020-05-14 03:39:08', '385.64', '3590.36', '227793.36', 1, '9/2023', '3976.00', '0.00'),
(14244, '2020-05-14 03:39:08', '2020-05-14 03:39:08', '379.66', '3596.34', '224197.02', 1, '10/2023', '3976.00', '0.00'),
(14245, '2020-05-14 03:39:08', '2020-05-14 03:39:08', '373.66', '3602.34', '220594.68', 1, '11/2023', '3976.00', '0.00'),
(14246, '2020-05-14 03:39:08', '2020-05-14 03:39:08', '367.66', '3608.34', '216986.34', 1, '12/2023', '3976.00', '0.00'),
(14247, '2020-05-14 03:39:09', '2020-05-14 03:39:09', '361.64', '3614.36', '213371.98', 1, '1/2024', '3976.00', '0.00'),
(14248, '2020-05-14 03:39:09', '2020-05-14 03:39:09', '355.62', '3620.38', '209751.60', 1, '2/2024', '3976.00', '0.00'),
(14249, '2020-05-14 03:39:09', '2020-05-14 03:39:09', '349.59', '3626.41', '206125.19', 1, '3/2024', '3976.00', '0.00'),
(14250, '2020-05-14 03:39:09', '2020-05-14 03:39:09', '343.54', '3632.46', '202492.73', 1, '4/2024', '3976.00', '0.00'),
(14251, '2020-05-14 03:39:09', '2020-05-14 03:39:09', '337.49', '3638.51', '198854.22', 1, '5/2024', '3976.00', '0.00'),
(14252, '2020-05-14 03:39:09', '2020-05-14 03:39:09', '331.42', '3644.58', '195209.64', 1, '6/2024', '3976.00', '0.00'),
(14253, '2020-05-14 03:39:09', '2020-05-14 03:39:09', '325.35', '3650.65', '191558.99', 1, '7/2024', '3976.00', '0.00'),
(14254, '2020-05-14 03:39:09', '2020-05-14 03:39:09', '319.26', '3656.74', '187902.25', 1, '8/2024', '3976.00', '0.00'),
(14255, '2020-05-14 03:39:09', '2020-05-14 03:39:09', '313.17', '3662.83', '184239.42', 1, '9/2024', '3976.00', '0.00'),
(14256, '2020-05-14 03:39:09', '2020-05-14 03:39:09', '307.07', '3668.93', '180570.49', 1, '10/2024', '3976.00', '0.00'),
(14257, '2020-05-14 03:39:09', '2020-05-14 03:39:09', '300.95', '3675.05', '176895.44', 1, '11/2024', '3976.00', '0.00'),
(14258, '2020-05-14 03:39:09', '2020-05-14 03:39:09', '294.83', '3681.17', '173214.27', 1, '12/2024', '3976.00', '0.00'),
(14259, '2020-05-14 03:39:09', '2020-05-14 03:39:09', '288.69', '3687.31', '169526.96', 1, '1/2025', '3976.00', '0.00'),
(14260, '2020-05-14 03:39:09', '2020-05-14 03:39:09', '282.54', '3693.46', '165833.50', 1, '2/2025', '3976.00', '0.00'),
(14261, '2020-05-14 03:39:09', '2020-05-14 03:39:09', '276.39', '3699.61', '162133.89', 1, '3/2025', '3976.00', '0.00'),
(14262, '2020-05-14 03:39:09', '2020-05-14 03:39:09', '270.22', '3705.78', '158428.11', 1, '4/2025', '3976.00', '0.00'),
(14263, '2020-05-14 03:39:09', '2020-05-14 03:39:09', '264.05', '3711.95', '154716.16', 1, '5/2025', '3976.00', '0.00'),
(14264, '2020-05-14 03:39:09', '2020-05-14 03:39:09', '257.86', '3718.14', '150998.02', 1, '6/2025', '3976.00', '0.00'),
(14265, '2020-05-14 03:39:09', '2020-05-14 03:39:09', '251.66', '3724.34', '147273.69', 1, '7/2025', '3976.00', '0.00'),
(14266, '2020-05-14 03:39:09', '2020-05-14 03:39:09', '245.46', '3730.54', '143543.14', 1, '8/2025', '3976.00', '0.00'),
(14267, '2020-05-14 03:39:10', '2020-05-14 03:39:10', '239.24', '3736.76', '139806.38', 1, '9/2025', '3976.00', '0.00'),
(14268, '2020-05-14 03:39:10', '2020-05-14 03:39:10', '233.01', '3742.99', '136063.39', 1, '10/2025', '3976.00', '0.00'),
(14269, '2020-05-14 03:39:10', '2020-05-14 03:39:10', '226.77', '3749.23', '132314.16', 1, '11/2025', '3976.00', '0.00'),
(14270, '2020-05-14 03:39:10', '2020-05-14 03:39:10', '220.52', '3755.48', '128558.69', 1, '12/2025', '3976.00', '0.00'),
(14271, '2020-05-14 03:39:10', '2020-05-14 03:39:10', '214.26', '3761.74', '124796.95', 1, '1/2026', '3976.00', '0.00'),
(14272, '2020-05-14 03:39:10', '2020-05-14 03:39:10', '207.99', '3768.01', '121028.95', 1, '2/2026', '3976.00', '0.00'),
(14273, '2020-05-14 03:39:10', '2020-05-14 03:39:10', '201.71', '3774.29', '117254.66', 1, '3/2026', '3976.00', '0.00'),
(14274, '2020-05-14 03:39:10', '2020-05-14 03:39:10', '195.42', '3780.58', '113474.09', 1, '4/2026', '3976.00', '0.00'),
(14275, '2020-05-14 03:39:10', '2020-05-14 03:39:10', '189.12', '3786.88', '109687.21', 1, '5/2026', '3976.00', '0.00'),
(14276, '2020-05-14 03:39:10', '2020-05-14 03:39:10', '182.81', '3793.19', '105894.02', 1, '6/2026', '3976.00', '0.00'),
(14277, '2020-05-14 03:39:10', '2020-05-14 03:39:10', '176.49', '3799.51', '102094.51', 1, '7/2026', '3976.00', '0.00'),
(14278, '2020-05-14 03:39:10', '2020-05-14 03:39:10', '170.16', '3805.84', '98288.67', 1, '8/2026', '3976.00', '0.00'),
(14279, '2020-05-14 03:39:10', '2020-05-14 03:39:10', '163.81', '3812.19', '94476.48', 1, '9/2026', '3976.00', '0.00'),
(14280, '2020-05-14 03:39:10', '2020-05-14 03:39:10', '157.46', '3818.54', '90657.94', 1, '10/2026', '3976.00', '0.00'),
(14281, '2020-05-14 03:39:10', '2020-05-14 03:39:10', '151.10', '3824.90', '86833.04', 1, '11/2026', '3976.00', '0.00'),
(14282, '2020-05-14 03:39:10', '2020-05-14 03:39:10', '144.72', '3831.28', '83001.76', 1, '12/2026', '3976.00', '0.00'),
(14283, '2020-05-14 03:39:10', '2020-05-14 03:39:10', '138.34', '3837.66', '79164.10', 1, '1/2027', '3976.00', '0.00'),
(14284, '2020-05-14 03:39:10', '2020-05-14 03:39:10', '131.94', '3844.06', '75320.04', 1, '2/2027', '3976.00', '0.00'),
(14285, '2020-05-14 03:39:10', '2020-05-14 03:39:10', '125.53', '3850.47', '71469.57', 1, '3/2027', '3976.00', '0.00'),
(14286, '2020-05-14 03:39:10', '2020-05-14 03:39:10', '119.12', '3856.88', '67612.69', 1, '4/2027', '3976.00', '0.00'),
(14287, '2020-05-14 03:39:11', '2020-05-14 03:39:11', '112.69', '3863.31', '63749.38', 1, '5/2027', '3976.00', '0.00'),
(14288, '2020-05-14 03:39:11', '2020-05-14 03:39:11', '106.25', '3869.75', '59879.62', 1, '6/2027', '3976.00', '0.00'),
(14289, '2020-05-14 03:39:11', '2020-05-14 03:39:11', '99.80', '3876.20', '56003.42', 1, '7/2027', '3976.00', '0.00'),
(14290, '2020-05-14 03:39:11', '2020-05-14 03:39:11', '93.34', '3882.66', '52120.76', 1, '8/2027', '3976.00', '0.00'),
(14291, '2020-05-14 03:39:11', '2020-05-14 03:39:11', '86.87', '3889.13', '48231.63', 1, '9/2027', '3976.00', '0.00'),
(14292, '2020-05-14 03:39:11', '2020-05-14 03:39:11', '80.39', '3895.61', '44336.02', 1, '10/2027', '3976.00', '0.00'),
(14293, '2020-05-14 03:39:11', '2020-05-14 03:39:11', '73.89', '3902.11', '40433.91', 1, '11/2027', '3976.00', '0.00'),
(14294, '2020-05-14 03:39:11', '2020-05-14 03:39:11', '67.39', '3908.61', '36525.30', 1, '12/2027', '3976.00', '0.00'),
(14295, '2020-05-14 03:39:12', '2020-05-14 03:39:12', '60.88', '3915.12', '32610.18', 1, '1/2028', '3976.00', '0.00'),
(14296, '2020-05-14 03:39:12', '2020-05-14 03:39:12', '54.35', '3921.65', '28688.53', 1, '2/2028', '3976.00', '0.00'),
(14297, '2020-05-14 03:39:12', '2020-05-14 03:39:12', '47.81', '3928.19', '24760.34', 1, '3/2028', '3976.00', '0.00'),
(14298, '2020-05-14 03:39:12', '2020-05-14 03:39:12', '41.27', '3934.73', '20825.61', 1, '4/2028', '3976.00', '0.00'),
(14299, '2020-05-14 03:39:12', '2020-05-14 03:39:12', '34.71', '3941.29', '16884.32', 1, '5/2028', '3976.00', '0.00'),
(14300, '2020-05-14 03:39:12', '2020-05-14 03:39:12', '28.14', '3947.86', '12936.46', 1, '6/2028', '3976.00', '0.00'),
(14301, '2020-05-14 03:39:12', '2020-05-14 03:39:12', '21.56', '3954.44', '8982.02', 1, '7/2028', '3976.00', '0.00'),
(14302, '2020-05-14 03:39:12', '2020-05-14 03:39:12', '14.97', '3961.03', '5020.99', 1, '8/2028', '3976.00', '0.00'),
(14303, '2020-05-14 03:39:12', '2020-05-14 03:39:12', '8.37', '3967.63', '1053.36', 1, '9/2028', '3976.00', '0.00'),
(14304, '2020-05-14 03:39:12', '2020-05-14 03:39:12', '1.76', '1053.36', '0.00', 1, '10/2028', '1055.11', '0.00'),
(14305, '2020-05-14 03:39:12', '2020-05-14 03:39:12', '0.00', '0.00', '0.00', 1, '11/2028', '0.00', '0.00'),
(14306, '2020-05-14 03:39:12', '2020-05-14 03:39:12', '0.00', '0.00', '0.00', 1, '12/2028', '0.00', '0.00'),
(14307, '2020-05-14 03:39:12', '2020-05-14 03:39:12', '0.00', '0.00', '0.00', 1, '1/2029', '0.00', '0.00'),
(14308, '2020-05-14 03:39:12', '2020-05-14 03:39:12', '0.00', '0.00', '0.00', 1, '2/2029', '0.00', '0.00'),
(14309, '2020-05-14 03:39:13', '2020-05-14 03:39:13', '0.00', '0.00', '0.00', 1, '3/2029', '0.00', '0.00'),
(14310, '2020-05-14 03:39:13', '2020-05-14 03:39:13', '0.00', '0.00', '0.00', 1, '4/2029', '0.00', '0.00'),
(14311, '2020-05-14 03:39:13', '2020-05-14 03:39:13', '0.00', '0.00', '0.00', 1, '5/2029', '0.00', '0.00'),
(14312, '2020-05-14 03:39:13', '2020-05-14 03:39:13', '0.00', '0.00', '0.00', 1, '6/2029', '0.00', '0.00'),
(14313, '2020-05-14 03:39:13', '2020-05-14 03:39:13', '0.00', '0.00', '0.00', 1, '7/2029', '0.00', '0.00'),
(14314, '2020-05-14 03:39:13', '2020-05-14 03:39:13', '0.00', '0.00', '0.00', 1, '8/2029', '0.00', '0.00'),
(14315, '2020-05-14 03:39:13', '2020-05-14 03:39:13', '0.00', '0.00', '0.00', 1, '9/2029', '0.00', '0.00'),
(14316, '2020-05-14 03:39:13', '2020-05-14 03:39:13', '0.00', '0.00', '0.00', 1, '10/2029', '0.00', '0.00'),
(14317, '2020-05-14 03:39:13', '2020-05-14 03:39:13', '0.00', '0.00', '0.00', 1, '11/2029', '0.00', '0.00'),
(14318, '2020-05-14 03:39:13', '2020-05-14 03:39:13', '0.00', '0.00', '0.00', 1, '12/2029', '0.00', '0.00'),
(14319, '2020-05-14 03:39:13', '2020-05-14 03:39:13', '0.00', '0.00', '0.00', 1, '1/2030', '0.00', '0.00'),
(14320, '2020-05-14 03:39:13', '2020-05-14 03:39:13', '0.00', '0.00', '0.00', 1, '2/2030', '0.00', '0.00'),
(14321, '2020-05-14 03:39:13', '2020-05-14 03:39:13', '0.00', '0.00', '0.00', 1, '3/2030', '0.00', '0.00'),
(14322, '2020-05-14 03:39:13', '2020-05-14 03:39:13', '0.00', '0.00', '0.00', 1, '4/2030', '0.00', '0.00'),
(14323, '2020-05-14 03:39:13', '2020-05-14 03:39:13', '0.00', '0.00', '0.00', 1, '5/2030', '0.00', '0.00'),
(14324, '2020-05-14 03:39:14', '2020-05-14 03:39:14', '0.00', '0.00', '0.00', 1, '6/2030', '0.00', '0.00'),
(14325, '2020-05-14 03:39:14', '2020-05-14 03:39:14', '0.00', '0.00', '0.00', 1, '7/2030', '0.00', '0.00'),
(14326, '2020-05-14 04:45:27', '2020-05-14 04:45:27', '__', '__', '300000', 2, '7/2020', '__', '__'),
(14327, '2020-05-14 04:45:27', '2020-05-14 04:45:27', '375.00', '830.00', '299170.00', 2, '8/2020', '1205.00', '0.00'),
(14328, '2020-05-14 04:45:27', '2020-05-14 04:45:27', '373.96', '831.04', '298338.96', 2, '9/2020', '1205.00', '0.00'),
(14329, '2020-05-14 04:45:28', '2020-05-14 04:45:28', '372.92', '832.08', '297506.89', 2, '10/2020', '1205.00', '0.00'),
(14330, '2020-05-14 04:45:28', '2020-05-14 04:45:28', '371.88', '833.12', '296673.77', 2, '11/2020', '1205.00', '0.00'),
(14331, '2020-05-14 04:45:28', '2020-05-14 04:45:28', '370.84', '834.16', '295839.61', 2, '12/2020', '1205.00', '0.00'),
(14332, '2020-05-14 04:45:29', '2020-05-14 04:45:29', '369.80', '835.20', '295004.41', 2, '1/2021', '1205.00', '0.00'),
(14333, '2020-05-14 04:45:29', '2020-05-14 04:45:29', '368.76', '836.24', '294168.17', 2, '2/2021', '1205.00', '0.00'),
(14334, '2020-05-14 04:45:29', '2020-05-14 04:45:29', '367.71', '837.29', '293330.88', 2, '3/2021', '1205.00', '0.00'),
(14335, '2020-05-14 04:45:29', '2020-05-14 04:45:29', '366.66', '838.34', '292492.54', 2, '4/2021', '1205.00', '0.00'),
(14336, '2020-05-14 04:45:29', '2020-05-14 04:45:29', '365.62', '839.38', '291653.16', 2, '5/2021', '1205.00', '0.00'),
(14337, '2020-05-14 04:45:29', '2020-05-14 04:45:29', '364.57', '840.43', '290812.72', 2, '6/2021', '1205.00', '0.00'),
(14338, '2020-05-14 04:45:29', '2020-05-14 04:45:29', '363.52', '841.48', '289971.24', 2, '7/2021', '1205.00', '0.00'),
(14339, '2020-05-14 04:45:29', '2020-05-14 04:45:29', '362.46', '842.54', '289128.70', 2, '8/2021', '1205.00', '0.00'),
(14340, '2020-05-14 04:45:29', '2020-05-14 04:45:29', '361.41', '843.59', '288285.11', 2, '9/2021', '1205.00', '0.00'),
(14341, '2020-05-14 04:45:29', '2020-05-14 04:45:29', '360.36', '844.64', '287440.47', 2, '10/2021', '1205.00', '0.00'),
(14342, '2020-05-14 04:45:30', '2020-05-14 04:45:30', '359.30', '845.70', '286594.77', 2, '11/2021', '1205.00', '0.00'),
(14343, '2020-05-14 04:45:30', '2020-05-14 04:45:30', '358.24', '846.76', '285748.01', 2, '12/2021', '1205.00', '0.00'),
(14344, '2020-05-14 04:45:30', '2020-05-14 04:45:30', '357.19', '847.81', '284900.20', 2, '1/2022', '1205.00', '0.00'),
(14345, '2020-05-14 04:45:30', '2020-05-14 04:45:30', '356.13', '848.87', '284051.32', 2, '2/2022', '1205.00', '0.00'),
(14346, '2020-05-14 04:45:30', '2020-05-14 04:45:30', '355.06', '849.94', '283201.39', 2, '3/2022', '1205.00', '0.00'),
(14347, '2020-05-14 04:45:30', '2020-05-14 04:45:30', '354.00', '851.00', '282350.39', 2, '4/2022', '1205.00', '0.00'),
(14348, '2020-05-14 04:45:30', '2020-05-14 04:45:30', '352.94', '852.06', '281498.33', 2, '5/2022', '1205.00', '0.00'),
(14349, '2020-05-14 04:45:30', '2020-05-14 04:45:30', '351.87', '853.13', '280645.20', 2, '6/2022', '1205.00', '0.00'),
(14350, '2020-05-14 04:45:30', '2020-05-14 04:45:30', '350.81', '854.19', '279791.01', 2, '7/2022', '1205.00', '0.00'),
(14351, '2020-05-14 04:45:30', '2020-05-14 04:45:30', '349.74', '855.26', '278935.75', 2, '8/2022', '1205.00', '0.00'),
(14352, '2020-05-14 04:45:30', '2020-05-14 04:45:30', '348.67', '856.33', '278079.42', 2, '9/2022', '1205.00', '0.00'),
(14353, '2020-05-14 04:45:30', '2020-05-14 04:45:30', '347.60', '857.40', '277222.02', 2, '10/2022', '1205.00', '0.00'),
(14354, '2020-05-14 04:45:30', '2020-05-14 04:45:30', '346.53', '858.47', '276363.54', 2, '11/2022', '1205.00', '0.00'),
(14355, '2020-05-14 04:45:30', '2020-05-14 04:45:30', '345.45', '859.55', '275504.00', 2, '12/2022', '1205.00', '0.00'),
(14356, '2020-05-14 04:45:31', '2020-05-14 04:45:31', '344.38', '860.62', '274643.38', 2, '1/2023', '1205.00', '0.00'),
(14357, '2020-05-14 04:45:31', '2020-05-14 04:45:31', '343.30', '861.70', '273781.68', 2, '2/2023', '1205.00', '0.00'),
(14358, '2020-05-14 04:45:31', '2020-05-14 04:45:31', '342.23', '862.77', '272918.91', 2, '3/2023', '1205.00', '0.00'),
(14359, '2020-05-14 04:45:31', '2020-05-14 04:45:31', '341.15', '863.85', '272055.06', 2, '4/2023', '1205.00', '0.00'),
(14360, '2020-05-14 04:45:31', '2020-05-14 04:45:31', '340.07', '864.93', '271190.13', 2, '5/2023', '1205.00', '0.00'),
(14361, '2020-05-14 04:45:31', '2020-05-14 04:45:31', '338.99', '866.01', '270324.11', 2, '6/2023', '1205.00', '0.00'),
(14362, '2020-05-14 04:45:31', '2020-05-14 04:45:31', '337.91', '867.09', '269457.02', 2, '7/2023', '1205.00', '0.00'),
(14363, '2020-05-14 04:45:31', '2020-05-14 04:45:31', '336.82', '868.18', '268588.84', 2, '8/2023', '1205.00', '0.00'),
(14364, '2020-05-14 04:45:31', '2020-05-14 04:45:31', '335.74', '869.26', '267719.58', 2, '9/2023', '1205.00', '0.00'),
(14365, '2020-05-14 04:45:31', '2020-05-14 04:45:31', '334.65', '870.35', '266849.23', 2, '10/2023', '1205.00', '0.00'),
(14366, '2020-05-14 04:45:31', '2020-05-14 04:45:31', '333.56', '871.44', '265977.79', 2, '11/2023', '1205.00', '0.00'),
(14367, '2020-05-14 04:45:31', '2020-05-14 04:45:31', '332.47', '872.53', '265105.26', 2, '12/2023', '1205.00', '0.00'),
(14368, '2020-05-14 04:45:31', '2020-05-14 04:45:31', '331.38', '873.62', '264231.64', 2, '1/2024', '1205.00', '0.00'),
(14369, '2020-05-14 04:45:31', '2020-05-14 04:45:31', '330.29', '874.71', '263356.93', 2, '2/2024', '1205.00', '0.00'),
(14370, '2020-05-14 04:45:31', '2020-05-14 04:45:31', '329.20', '875.80', '262481.13', 2, '3/2024', '1205.00', '0.00'),
(14371, '2020-05-14 04:45:32', '2020-05-14 04:45:32', '328.10', '876.90', '261604.23', 2, '4/2024', '1205.00', '0.00'),
(14372, '2020-05-14 04:45:32', '2020-05-14 04:45:32', '327.01', '877.99', '260726.23', 2, '5/2024', '1205.00', '0.00'),
(14373, '2020-05-14 04:45:32', '2020-05-14 04:45:32', '325.91', '879.09', '259847.14', 2, '6/2024', '1205.00', '0.00'),
(14374, '2020-05-14 04:45:32', '2020-05-14 04:45:32', '324.81', '880.19', '258966.95', 2, '7/2024', '1205.00', '0.00'),
(14375, '2020-05-14 04:45:32', '2020-05-14 04:45:32', '323.71', '881.29', '258085.66', 2, '8/2024', '1205.00', '0.00'),
(14376, '2020-05-14 04:45:32', '2020-05-14 04:45:32', '322.61', '882.39', '257203.27', 2, '9/2024', '1205.00', '0.00'),
(14377, '2020-05-14 04:45:32', '2020-05-14 04:45:32', '321.50', '883.50', '256319.77', 2, '10/2024', '1205.00', '0.00'),
(14378, '2020-05-14 04:45:32', '2020-05-14 04:45:32', '320.40', '884.60', '255435.17', 2, '11/2024', '1205.00', '0.00'),
(14379, '2020-05-14 04:45:32', '2020-05-14 04:45:32', '319.29', '885.71', '254549.46', 2, '12/2024', '1205.00', '0.00'),
(14380, '2020-05-14 04:45:33', '2020-05-14 04:45:33', '318.19', '886.81', '253662.65', 2, '1/2025', '1205.00', '0.00'),
(14381, '2020-05-14 04:45:33', '2020-05-14 04:45:33', '317.08', '887.92', '252774.73', 2, '2/2025', '1205.00', '0.00'),
(14382, '2020-05-14 04:45:33', '2020-05-14 04:45:33', '315.97', '889.03', '251885.70', 2, '3/2025', '1205.00', '0.00'),
(14383, '2020-05-14 04:45:33', '2020-05-14 04:45:33', '314.86', '890.14', '250995.55', 2, '4/2025', '1205.00', '0.00'),
(14384, '2020-05-14 04:45:33', '2020-05-14 04:45:33', '313.74', '891.26', '250104.30', 2, '5/2025', '1205.00', '0.00'),
(14385, '2020-05-14 04:45:33', '2020-05-14 04:45:33', '312.63', '892.37', '249211.93', 2, '6/2025', '1205.00', '0.00'),
(14386, '2020-05-14 04:45:33', '2020-05-14 04:45:33', '311.51', '893.49', '248318.44', 2, '7/2025', '1205.00', '0.00'),
(14387, '2020-05-14 04:45:33', '2020-05-14 04:45:33', '310.40', '894.60', '247423.84', 2, '8/2025', '1205.00', '0.00'),
(14388, '2020-05-14 04:45:33', '2020-05-14 04:45:33', '309.28', '895.72', '246528.12', 2, '9/2025', '1205.00', '0.00'),
(14389, '2020-05-14 04:45:34', '2020-05-14 04:45:34', '308.16', '896.84', '245631.28', 2, '10/2025', '1205.00', '0.00'),
(14390, '2020-05-14 04:45:34', '2020-05-14 04:45:34', '307.04', '897.96', '244733.32', 2, '11/2025', '1205.00', '0.00'),
(14391, '2020-05-14 04:45:34', '2020-05-14 04:45:34', '305.92', '899.08', '243834.24', 2, '12/2025', '1205.00', '0.00'),
(14392, '2020-05-14 04:45:34', '2020-05-14 04:45:34', '304.79', '900.21', '242934.03', 2, '1/2026', '1205.00', '0.00'),
(14393, '2020-05-14 04:45:34', '2020-05-14 04:45:34', '303.67', '901.33', '242032.70', 2, '2/2026', '1205.00', '0.00'),
(14394, '2020-05-14 04:45:34', '2020-05-14 04:45:34', '302.54', '902.46', '241130.24', 2, '3/2026', '1205.00', '0.00'),
(14395, '2020-05-14 04:45:34', '2020-05-14 04:45:34', '301.41', '903.59', '240226.65', 2, '4/2026', '1205.00', '0.00'),
(14396, '2020-05-14 04:45:34', '2020-05-14 04:45:34', '300.28', '904.72', '239321.94', 2, '5/2026', '1205.00', '0.00'),
(14397, '2020-05-14 04:45:34', '2020-05-14 04:45:34', '299.15', '905.85', '238416.09', 2, '6/2026', '1205.00', '0.00'),
(14398, '2020-05-14 04:45:34', '2020-05-14 04:45:34', '298.02', '906.98', '237509.11', 2, '7/2026', '1205.00', '0.00'),
(14399, '2020-05-14 04:45:34', '2020-05-14 04:45:34', '296.89', '908.11', '236600.99', 2, '8/2026', '1205.00', '0.00'),
(14400, '2020-05-14 04:45:35', '2020-05-14 04:45:35', '295.75', '909.25', '235691.75', 2, '9/2026', '1205.00', '0.00'),
(14401, '2020-05-14 04:45:35', '2020-05-14 04:45:35', '294.61', '910.39', '234781.36', 2, '10/2026', '1205.00', '0.00'),
(14402, '2020-05-14 04:45:35', '2020-05-14 04:45:35', '293.48', '911.52', '233869.84', 2, '11/2026', '1205.00', '0.00'),
(14403, '2020-05-14 04:45:35', '2020-05-14 04:45:35', '292.34', '912.66', '232957.17', 2, '12/2026', '1205.00', '0.00'),
(14404, '2020-05-14 04:45:35', '2020-05-14 04:45:35', '291.20', '913.80', '232043.37', 2, '1/2027', '1205.00', '0.00'),
(14405, '2020-05-14 04:45:35', '2020-05-14 04:45:35', '290.05', '914.95', '231128.42', 2, '2/2027', '1205.00', '0.00'),
(14406, '2020-05-14 04:45:35', '2020-05-14 04:45:35', '288.91', '916.09', '230212.34', 2, '3/2027', '1205.00', '0.00'),
(14407, '2020-05-14 04:45:35', '2020-05-14 04:45:35', '287.77', '917.23', '229295.10', 2, '4/2027', '1205.00', '0.00'),
(14408, '2020-05-14 04:45:35', '2020-05-14 04:45:35', '286.62', '918.38', '228376.72', 2, '5/2027', '1205.00', '0.00'),
(14409, '2020-05-14 04:45:35', '2020-05-14 04:45:35', '285.47', '919.53', '227457.19', 2, '6/2027', '1205.00', '0.00'),
(14410, '2020-05-14 04:45:35', '2020-05-14 04:45:35', '284.32', '920.68', '226536.51', 2, '7/2027', '1205.00', '0.00'),
(14411, '2020-05-14 04:45:35', '2020-05-14 04:45:35', '283.17', '921.83', '225614.68', 2, '8/2027', '1205.00', '0.00'),
(14412, '2020-05-14 04:45:35', '2020-05-14 04:45:35', '282.02', '922.98', '224691.70', 2, '9/2027', '1205.00', '0.00'),
(14413, '2020-05-14 04:45:36', '2020-05-14 04:45:36', '280.86', '924.14', '223767.57', 2, '10/2027', '1205.00', '0.00'),
(14414, '2020-05-14 04:45:36', '2020-05-14 04:45:36', '279.71', '925.29', '222842.28', 2, '11/2027', '1205.00', '0.00'),
(14415, '2020-05-14 04:45:36', '2020-05-14 04:45:36', '278.55', '926.45', '221915.83', 2, '12/2027', '1205.00', '0.00'),
(14416, '2020-05-14 04:45:36', '2020-05-14 04:45:36', '277.39', '927.61', '220988.22', 2, '1/2028', '1205.00', '0.00'),
(14417, '2020-05-14 04:45:36', '2020-05-14 04:45:36', '276.24', '928.76', '220059.46', 2, '2/2028', '1205.00', '0.00'),
(14418, '2020-05-14 04:45:36', '2020-05-14 04:45:36', '275.07', '929.93', '219129.53', 2, '3/2028', '1205.00', '0.00'),
(14419, '2020-05-14 04:45:36', '2020-05-14 04:45:36', '273.91', '931.09', '218198.44', 2, '4/2028', '1205.00', '0.00'),
(14420, '2020-05-14 04:45:36', '2020-05-14 04:45:36', '272.75', '932.25', '217266.19', 2, '5/2028', '1205.00', '0.00'),
(14421, '2020-05-14 04:45:36', '2020-05-14 04:45:36', '271.58', '933.42', '216332.78', 2, '6/2028', '1205.00', '0.00'),
(14422, '2020-05-14 04:45:36', '2020-05-14 04:45:36', '270.42', '934.58', '215398.19', 2, '7/2028', '1205.00', '0.00'),
(14423, '2020-05-14 04:45:36', '2020-05-14 04:45:36', '269.25', '935.75', '214462.44', 2, '8/2028', '1205.00', '0.00'),
(14424, '2020-05-14 04:45:36', '2020-05-14 04:45:36', '268.08', '936.92', '213525.52', 2, '9/2028', '1205.00', '0.00'),
(14425, '2020-05-14 04:45:36', '2020-05-14 04:45:36', '266.91', '938.09', '212587.42', 2, '10/2028', '1205.00', '0.00'),
(14426, '2020-05-14 04:45:37', '2020-05-14 04:45:37', '265.73', '939.27', '211648.16', 2, '11/2028', '1205.00', '0.00'),
(14427, '2020-05-14 04:45:37', '2020-05-14 04:45:37', '264.56', '940.44', '210707.72', 2, '12/2028', '1205.00', '0.00'),
(14428, '2020-05-14 04:45:37', '2020-05-14 04:45:37', '263.38', '941.62', '209766.10', 2, '1/2029', '1205.00', '0.00'),
(14429, '2020-05-14 04:45:37', '2020-05-14 04:45:37', '262.21', '942.79', '208823.31', 2, '2/2029', '1205.00', '0.00'),
(14430, '2020-05-14 04:45:37', '2020-05-14 04:45:37', '261.03', '943.97', '207879.34', 2, '3/2029', '1205.00', '0.00'),
(14431, '2020-05-14 04:45:37', '2020-05-14 04:45:37', '259.85', '945.15', '206934.19', 2, '4/2029', '1205.00', '0.00'),
(14432, '2020-05-14 04:45:37', '2020-05-14 04:45:37', '258.67', '946.33', '205987.86', 2, '5/2029', '1205.00', '0.00'),
(14433, '2020-05-14 04:45:37', '2020-05-14 04:45:37', '257.48', '947.52', '205040.34', 2, '6/2029', '1205.00', '0.00'),
(14434, '2020-05-14 04:45:37', '2020-05-14 04:45:37', '256.30', '948.70', '204091.64', 2, '7/2029', '1205.00', '0.00'),
(14435, '2020-05-14 04:45:37', '2020-05-14 04:45:37', '255.11', '949.89', '203141.76', 2, '8/2029', '1205.00', '0.00'),
(14436, '2020-05-14 04:45:37', '2020-05-14 04:45:37', '253.93', '951.07', '202190.68', 2, '9/2029', '1205.00', '0.00'),
(14437, '2020-05-14 04:45:37', '2020-05-14 04:45:37', '252.74', '952.26', '201238.42', 2, '10/2029', '1205.00', '0.00'),
(14438, '2020-05-14 04:45:37', '2020-05-14 04:45:37', '251.55', '953.45', '200284.97', 2, '11/2029', '1205.00', '0.00'),
(14439, '2020-05-14 04:45:37', '2020-05-14 04:45:37', '250.36', '954.64', '199330.33', 2, '12/2029', '1205.00', '0.00'),
(14440, '2020-05-14 04:45:37', '2020-05-14 04:45:37', '249.16', '955.84', '198374.49', 2, '1/2030', '1205.00', '0.00'),
(14441, '2020-05-14 04:45:38', '2020-05-14 04:45:38', '247.97', '957.03', '197417.46', 2, '2/2030', '1205.00', '0.00'),
(14442, '2020-05-14 04:45:38', '2020-05-14 04:45:38', '246.77', '958.23', '196459.23', 2, '3/2030', '1205.00', '0.00'),
(14443, '2020-05-14 04:45:38', '2020-05-14 04:45:38', '245.57', '959.43', '195499.80', 2, '4/2030', '1205.00', '0.00'),
(14444, '2020-05-14 04:45:38', '2020-05-14 04:45:38', '244.37', '960.63', '194539.18', 2, '5/2030', '1205.00', '0.00'),
(14445, '2020-05-14 04:45:38', '2020-05-14 04:45:38', '243.17', '961.83', '193577.35', 2, '6/2030', '1205.00', '0.00'),
(14446, '2020-05-14 04:45:38', '2020-05-14 04:45:38', '241.97', '963.03', '192614.32', 2, '7/2030', '1205.00', '0.00'),
(14447, '2020-05-14 04:45:38', '2020-05-14 04:45:38', '240.77', '964.23', '191650.09', 2, '8/2030', '1205.00', '0.00'),
(14448, '2020-05-14 04:45:38', '2020-05-14 04:45:38', '239.56', '965.44', '190684.65', 2, '9/2030', '1205.00', '0.00'),
(14449, '2020-05-14 04:45:38', '2020-05-14 04:45:38', '238.36', '966.64', '189718.01', 2, '10/2030', '1205.00', '0.00'),
(14450, '2020-05-14 04:45:38', '2020-05-14 04:45:38', '237.15', '967.85', '188750.16', 2, '11/2030', '1205.00', '0.00'),
(14451, '2020-05-14 04:45:38', '2020-05-14 04:45:38', '235.94', '969.06', '187781.09', 2, '12/2030', '1205.00', '0.00'),
(14452, '2020-05-14 04:45:39', '2020-05-14 04:45:39', '234.73', '970.27', '186810.82', 2, '1/2031', '1205.00', '0.00'),
(14453, '2020-05-14 04:45:39', '2020-05-14 04:45:39', '233.51', '971.49', '185839.33', 2, '2/2031', '1205.00', '0.00'),
(14454, '2020-05-14 04:45:39', '2020-05-14 04:45:39', '232.30', '972.70', '184866.63', 2, '3/2031', '1205.00', '0.00'),
(14455, '2020-05-14 04:45:39', '2020-05-14 04:45:39', '231.08', '973.92', '183892.72', 2, '4/2031', '1205.00', '0.00'),
(14456, '2020-05-14 04:45:39', '2020-05-14 04:45:39', '229.87', '975.13', '182917.58', 2, '5/2031', '1205.00', '0.00'),
(14457, '2020-05-14 04:45:39', '2020-05-14 04:45:39', '228.65', '976.35', '181941.23', 2, '6/2031', '1205.00', '0.00'),
(14458, '2020-05-14 04:45:39', '2020-05-14 04:45:39', '227.43', '977.57', '180963.66', 2, '7/2031', '1205.00', '0.00'),
(14459, '2020-05-14 04:45:39', '2020-05-14 04:45:39', '226.20', '978.80', '179984.86', 2, '8/2031', '1205.00', '0.00'),
(14460, '2020-05-14 04:45:39', '2020-05-14 04:45:39', '224.98', '980.02', '179004.84', 2, '9/2031', '1205.00', '0.00'),
(14461, '2020-05-14 04:45:39', '2020-05-14 04:45:39', '223.76', '981.24', '178023.60', 2, '10/2031', '1205.00', '0.00'),
(14462, '2020-05-14 04:45:39', '2020-05-14 04:45:39', '222.53', '982.47', '177041.13', 2, '11/2031', '1205.00', '0.00'),
(14463, '2020-05-14 04:45:39', '2020-05-14 04:45:39', '221.30', '983.70', '176057.43', 2, '12/2031', '1205.00', '0.00'),
(14464, '2020-05-14 04:45:39', '2020-05-14 04:45:39', '220.07', '984.93', '175072.50', 2, '1/2032', '1205.00', '0.00'),
(14465, '2020-05-14 04:45:39', '2020-05-14 04:45:39', '218.84', '986.16', '174086.34', 2, '2/2032', '1205.00', '0.00'),
(14466, '2020-05-14 04:45:40', '2020-05-14 04:45:40', '217.61', '987.39', '173098.95', 2, '3/2032', '1205.00', '0.00'),
(14467, '2020-05-14 04:45:40', '2020-05-14 04:45:40', '216.37', '988.63', '172110.32', 2, '4/2032', '1205.00', '0.00'),
(14468, '2020-05-14 04:45:40', '2020-05-14 04:45:40', '215.14', '989.86', '171120.46', 2, '5/2032', '1205.00', '0.00'),
(14469, '2020-05-14 04:45:40', '2020-05-14 04:45:40', '213.90', '991.10', '170129.36', 2, '6/2032', '1205.00', '0.00'),
(14470, '2020-05-14 04:45:40', '2020-05-14 04:45:40', '212.66', '992.34', '169137.02', 2, '7/2032', '1205.00', '0.00'),
(14471, '2020-05-14 04:45:40', '2020-05-14 04:45:40', '211.42', '993.58', '168143.44', 2, '8/2032', '1205.00', '0.00'),
(14472, '2020-05-14 04:45:40', '2020-05-14 04:45:40', '210.18', '994.82', '167148.62', 2, '9/2032', '1205.00', '0.00'),
(14473, '2020-05-14 04:45:40', '2020-05-14 04:45:40', '208.94', '996.06', '166152.56', 2, '10/2032', '1205.00', '0.00'),
(14474, '2020-05-14 04:45:41', '2020-05-14 04:45:41', '207.69', '997.31', '165155.25', 2, '11/2032', '1205.00', '0.00'),
(14475, '2020-05-14 04:45:41', '2020-05-14 04:45:41', '206.44', '998.56', '164156.69', 2, '12/2032', '1205.00', '0.00'),
(14476, '2020-05-14 04:45:41', '2020-05-14 04:45:41', '205.20', '999.80', '163156.89', 2, '1/2033', '1205.00', '0.00'),
(14477, '2020-05-14 04:45:41', '2020-05-14 04:45:41', '203.95', '1001.05', '162155.84', 2, '2/2033', '1205.00', '0.00'),
(14478, '2020-05-14 04:45:41', '2020-05-14 04:45:41', '202.69', '1002.31', '161153.53', 2, '3/2033', '1205.00', '0.00'),
(14479, '2020-05-14 04:45:41', '2020-05-14 04:45:41', '201.44', '1003.56', '160149.97', 2, '4/2033', '1205.00', '0.00'),
(14480, '2020-05-14 04:45:41', '2020-05-14 04:45:41', '200.19', '1004.81', '159145.16', 2, '5/2033', '1205.00', '0.00'),
(14481, '2020-05-14 04:45:41', '2020-05-14 04:45:41', '198.93', '1006.07', '158139.09', 2, '6/2033', '1205.00', '0.00'),
(14482, '2020-05-14 04:45:41', '2020-05-14 04:45:41', '197.67', '1007.33', '157131.77', 2, '7/2033', '1205.00', '0.00'),
(14483, '2020-05-14 04:45:41', '2020-05-14 04:45:41', '196.41', '1008.59', '156123.18', 2, '8/2033', '1205.00', '0.00'),
(14484, '2020-05-14 04:45:41', '2020-05-14 04:45:41', '195.15', '1009.85', '155113.33', 2, '9/2033', '1205.00', '0.00'),
(14485, '2020-05-14 04:45:41', '2020-05-14 04:45:41', '193.89', '1011.11', '154102.23', 2, '10/2033', '1205.00', '0.00'),
(14486, '2020-05-14 04:45:41', '2020-05-14 04:45:41', '192.63', '1012.37', '153089.85', 2, '11/2033', '1205.00', '0.00'),
(14487, '2020-05-14 04:45:41', '2020-05-14 04:45:41', '191.36', '1013.64', '152076.22', 2, '12/2033', '1205.00', '0.00'),
(14488, '2020-05-14 04:45:41', '2020-05-14 04:45:41', '190.10', '1014.90', '151061.31', 2, '1/2034', '1205.00', '0.00'),
(14489, '2020-05-14 04:45:41', '2020-05-14 04:45:41', '188.83', '1016.17', '150045.14', 2, '2/2034', '1205.00', '0.00'),
(14490, '2020-05-14 04:45:41', '2020-05-14 04:45:41', '187.56', '1017.44', '149027.69', 2, '3/2034', '1205.00', '0.00'),
(14491, '2020-05-14 04:45:42', '2020-05-14 04:45:42', '186.28', '1018.72', '148008.98', 2, '4/2034', '1205.00', '0.00'),
(14492, '2020-05-14 04:45:42', '2020-05-14 04:45:42', '185.01', '1019.99', '146988.99', 2, '5/2034', '1205.00', '0.00'),
(14493, '2020-05-14 04:45:42', '2020-05-14 04:45:42', '183.74', '1021.26', '145967.73', 2, '6/2034', '1205.00', '0.00'),
(14494, '2020-05-14 04:45:42', '2020-05-14 04:45:42', '182.46', '1022.54', '144945.19', 2, '7/2034', '1205.00', '0.00'),
(14495, '2020-05-14 04:45:42', '2020-05-14 04:45:42', '181.18', '1023.82', '143921.37', 2, '8/2034', '1205.00', '0.00'),
(14496, '2020-05-14 04:45:42', '2020-05-14 04:45:42', '179.90', '1025.10', '142896.27', 2, '9/2034', '1205.00', '0.00'),
(14497, '2020-05-14 04:45:42', '2020-05-14 04:45:42', '178.62', '1026.38', '141869.89', 2, '10/2034', '1205.00', '0.00'),
(14498, '2020-05-14 04:45:42', '2020-05-14 04:45:42', '177.34', '1027.66', '140842.23', 2, '11/2034', '1205.00', '0.00'),
(14499, '2020-05-14 04:45:42', '2020-05-14 04:45:42', '176.05', '1028.95', '139813.28', 2, '12/2034', '1205.00', '0.00'),
(14500, '2020-05-14 04:45:42', '2020-05-14 04:45:42', '174.77', '1030.23', '138783.05', 2, '1/2035', '1205.00', '0.00'),
(14501, '2020-05-14 04:45:42', '2020-05-14 04:45:42', '173.48', '1031.52', '137751.53', 2, '2/2035', '1205.00', '0.00'),
(14502, '2020-05-14 04:45:42', '2020-05-14 04:45:42', '172.19', '1032.81', '136718.72', 2, '3/2035', '1205.00', '0.00'),
(14503, '2020-05-14 04:45:42', '2020-05-14 04:45:42', '170.90', '1034.10', '135684.61', 2, '4/2035', '1205.00', '0.00'),
(14504, '2020-05-14 04:45:42', '2020-05-14 04:45:42', '169.61', '1035.39', '134649.22', 2, '5/2035', '1205.00', '0.00'),
(14505, '2020-05-14 04:45:42', '2020-05-14 04:45:42', '168.31', '1036.69', '133612.53', 2, '6/2035', '1205.00', '0.00'),
(14506, '2020-05-14 04:45:42', '2020-05-14 04:45:42', '167.02', '1037.98', '132574.55', 2, '7/2035', '1205.00', '0.00');

-- --------------------------------------------------------

--
-- Table structure for table `tests`
--

CREATE TABLE `tests` (
  `id` int(10) UNSIGNED NOT NULL,
  `hobby` varchar(191) COLLATE utf8mb4_unicode_ci NOT NULL,
  `kundens_id` int(11) NOT NULL,
  `created_at` timestamp NULL DEFAULT NULL,
  `updated_at` timestamp NULL DEFAULT NULL
) ENGINE=InnoDB DEFAULT CHARSET=utf8mb4 COLLATE=utf8mb4_unicode_ci ROW_FORMAT=DYNAMIC;

--
-- Dumping data for table `tests`
--

INSERT INTO `tests` (`id`, `hobby`, `kundens_id`, `created_at`, `updated_at`) VALUES
(1, 'hobby test name', 1, '2018-11-21 18:07:51', '2018-11-21 18:07:51'),
(2, 'hobby test name1', 1, '2018-11-21 18:08:18', '2018-11-21 18:08:18'),
(3, 'hobby test name2_2', 2, '2018-11-21 18:10:12', '2018-11-21 18:10:12');

-- --------------------------------------------------------

--
-- Table structure for table `timeline`
--

CREATE TABLE `timeline` (
  `id` int(10) UNSIGNED NOT NULL,
  `timeline` int(191) DEFAULT NULL,
  `calculation_id` int(11) NOT NULL,
  `kundens_id` int(191) NOT NULL,
  `created_at` timestamp NULL DEFAULT NULL,
  `updated_at` timestamp NULL DEFAULT NULL,
  `finanzierungsbedarf_phase_eins` varchar(191) COLLATE utf8mb4_unicode_ci NOT NULL,
  `jahreszins_phase_eins` varchar(191) COLLATE utf8mb4_unicode_ci NOT NULL,
  `laufzeit_phase_eins` varchar(191) COLLATE utf8mb4_unicode_ci NOT NULL,
  `rate_monatlich_phase_eins` varchar(191) COLLATE utf8mb4_unicode_ci NOT NULL,
  `restschuld_phase_eins` varchar(191) COLLATE utf8mb4_unicode_ci NOT NULL,
  `finanzierungsbedarf_phase_zwei` varchar(191) COLLATE utf8mb4_unicode_ci NOT NULL,
  `jahreszins_phase_zwei` varchar(191) COLLATE utf8mb4_unicode_ci NOT NULL,
  `laufzeit_phase_zwei` varchar(191) COLLATE utf8mb4_unicode_ci NOT NULL,
  `rate_monatlich_phase_zwei` varchar(191) COLLATE utf8mb4_unicode_ci NOT NULL,
  `restschuld_ende` varchar(191) COLLATE utf8mb4_unicode_ci NOT NULL
) ENGINE=InnoDB DEFAULT CHARSET=utf8mb4 COLLATE=utf8mb4_unicode_ci ROW_FORMAT=DYNAMIC;

-- --------------------------------------------------------

--
-- Table structure for table `users`
--

CREATE TABLE `users` (
  `id` int(10) UNSIGNED NOT NULL,
  `name` varchar(191) COLLATE utf8mb4_unicode_ci NOT NULL,
  `email` varchar(191) COLLATE utf8mb4_unicode_ci NOT NULL,
  `surname` varchar(191) COLLATE utf8mb4_unicode_ci DEFAULT NULL,
  `phone` varchar(191) COLLATE utf8mb4_unicode_ci DEFAULT NULL,
  `mail_address` varchar(191) COLLATE utf8mb4_unicode_ci DEFAULT NULL,
  `email_verified_at` timestamp NULL DEFAULT NULL,
  `password` varchar(191) COLLATE utf8mb4_unicode_ci NOT NULL,
  `remember_token` varchar(100) COLLATE utf8mb4_unicode_ci DEFAULT NULL,
  `created_at` timestamp NULL DEFAULT NULL,
  `updated_at` timestamp NULL DEFAULT NULL,
  `status` int(11) DEFAULT 0,
  `group` int(11) DEFAULT 0,
  `admin` int(11) DEFAULT 0
) ENGINE=InnoDB DEFAULT CHARSET=utf8mb4 COLLATE=utf8mb4_unicode_ci ROW_FORMAT=DYNAMIC;

--
-- Dumping data for table `users`
--

INSERT INTO `users` (`id`, `name`, `email`, `surname`, `phone`, `mail_address`, `email_verified_at`, `password`, `remember_token`, `created_at`, `updated_at`, `status`, `group`, `admin`) VALUES
(5, 'Admin User', 'admin@admin.com', 'admin', '1234', 'homezcasdfsdfas', NULL, '$2y$10$C.aRlHjyGj0.ixSzp81Lo.6DQcV9Ii9vx3jRQbA.OQp34RiyFKhOG', 'Tu3S7F5vqBkqSgpgBSip3QEe0j16YgrZVvt2PJWXqj01IDjMoHpBJpjV6pxS', '2019-02-18 15:23:29', '2020-04-20 03:46:41', 1, 1, 1),
(27, 'Patrick', 'p-dierig@einfachmedial.de', 'Dierig', '015204967292', 'p-dierig@einfachmedial.de', NULL, '$2y$10$fOTD1gNVZmPS6GV6WwanXu0ZZI.3IiEPw0bxXrVSjBs3Z6WS4BZ8S', NULL, '2019-02-26 08:08:34', '2019-02-26 08:10:30', 1, 1, 1),
(28, 'Patrick Dierig', 'patrick.dierig@mkhyp.de', NULL, NULL, NULL, NULL, '$2y$10$p.QK4aA72i2TbQvzcQN6zepBmMgQFEus0uCFkOJEASFNUMRpPLehu', NULL, NULL, NULL, 0, 0, 0),
(29, 'Markus', 'info@mkhyp.de', 'Kintzelmann', NULL, NULL, NULL, '$2y$10$2Zsyse9Adj/GnEo.KFPmhufdsyc/9cE2d7psg/OTNOnl4iUnB/FHS', NULL, '2020-05-07 10:19:57', '2020-05-07 10:19:57', 0, 1, 0);

--
-- Indexes for dumped tables
--

--
-- Indexes for table `angebote`
--
ALTER TABLE `angebote`
  ADD PRIMARY KEY (`id`) USING BTREE;

--
-- Indexes for table `calculation`
--
ALTER TABLE `calculation`
  ADD PRIMARY KEY (`id`) USING BTREE;

--
-- Indexes for table `calc_result`
--
ALTER TABLE `calc_result`
  ADD PRIMARY KEY (`id`) USING BTREE;

--
-- Indexes for table `checklists`
--
ALTER TABLE `checklists`
  ADD PRIMARY KEY (`id`) USING BTREE;

--
-- Indexes for table `checklist_categories`
--
ALTER TABLE `checklist_categories`
  ADD PRIMARY KEY (`id`) USING BTREE;

--
-- Indexes for table `customer_timelines`
--
ALTER TABLE `customer_timelines`
  ADD PRIMARY KEY (`id`) USING BTREE;

--
-- Indexes for table `groups`
--
ALTER TABLE `groups`
  ADD PRIMARY KEY (`id`) USING BTREE;

--
-- Indexes for table `immobilies`
--
ALTER TABLE `immobilies`
  ADD PRIMARY KEY (`id`) USING BTREE;

--
-- Indexes for table `kundens`
--
ALTER TABLE `kundens`
  ADD PRIMARY KEY (`id`) USING BTREE;

--
-- Indexes for table `migrations`
--
ALTER TABLE `migrations`
  ADD PRIMARY KEY (`id`) USING BTREE;

--
-- Indexes for table `password_resets`
--
ALTER TABLE `password_resets`
  ADD KEY `password_resets_email_index` (`email`) USING BTREE;

--
-- Indexes for table `repayments`
--
ALTER TABLE `repayments`
  ADD PRIMARY KEY (`id`) USING BTREE,
  ADD KEY `kundel_id_idx` (`repayment_date`) USING BTREE,
  ADD KEY `repayment_date_idx` (`repayment_date`) USING BTREE;

--
-- Indexes for table `tests`
--
ALTER TABLE `tests`
  ADD PRIMARY KEY (`id`) USING BTREE;

--
-- Indexes for table `timeline`
--
ALTER TABLE `timeline`
  ADD PRIMARY KEY (`id`) USING BTREE;

--
-- Indexes for table `users`
--
ALTER TABLE `users`
  ADD PRIMARY KEY (`id`) USING BTREE,
  ADD UNIQUE KEY `users_email_unique` (`email`) USING BTREE;

--
-- AUTO_INCREMENT for dumped tables
--

--
-- AUTO_INCREMENT for table `angebote`
--
ALTER TABLE `angebote`
  MODIFY `id` int(10) NOT NULL AUTO_INCREMENT, AUTO_INCREMENT=839;

--
-- AUTO_INCREMENT for table `calculation`
--
ALTER TABLE `calculation`
  MODIFY `id` int(11) NOT NULL AUTO_INCREMENT, AUTO_INCREMENT=6;

--
-- AUTO_INCREMENT for table `calc_result`
--
ALTER TABLE `calc_result`
  MODIFY `id` int(10) UNSIGNED NOT NULL AUTO_INCREMENT, AUTO_INCREMENT=17;

--
-- AUTO_INCREMENT for table `checklists`
--
ALTER TABLE `checklists`
  MODIFY `id` int(10) UNSIGNED NOT NULL AUTO_INCREMENT, AUTO_INCREMENT=43;

--
-- AUTO_INCREMENT for table `checklist_categories`
--
ALTER TABLE `checklist_categories`
  MODIFY `id` int(10) UNSIGNED NOT NULL AUTO_INCREMENT, AUTO_INCREMENT=8;

--
-- AUTO_INCREMENT for table `customer_timelines`
--
ALTER TABLE `customer_timelines`
  MODIFY `id` int(10) UNSIGNED NOT NULL AUTO_INCREMENT;

--
-- AUTO_INCREMENT for table `groups`
--
ALTER TABLE `groups`
  MODIFY `id` int(3) NOT NULL AUTO_INCREMENT, AUTO_INCREMENT=3;

--
-- AUTO_INCREMENT for table `immobilies`
--
ALTER TABLE `immobilies`
  MODIFY `id` int(10) UNSIGNED NOT NULL AUTO_INCREMENT;

--
-- AUTO_INCREMENT for table `kundens`
--
ALTER TABLE `kundens`
  MODIFY `id` int(10) UNSIGNED NOT NULL AUTO_INCREMENT, AUTO_INCREMENT=6;

--
-- AUTO_INCREMENT for table `migrations`
--
ALTER TABLE `migrations`
  MODIFY `id` int(10) UNSIGNED NOT NULL AUTO_INCREMENT, AUTO_INCREMENT=13;

--
-- AUTO_INCREMENT for table `repayments`
--
ALTER TABLE `repayments`
  MODIFY `id` int(10) UNSIGNED NOT NULL AUTO_INCREMENT, AUTO_INCREMENT=14507;

--
-- AUTO_INCREMENT for table `tests`
--
ALTER TABLE `tests`
  MODIFY `id` int(10) UNSIGNED NOT NULL AUTO_INCREMENT, AUTO_INCREMENT=4;

--
-- AUTO_INCREMENT for table `timeline`
--
ALTER TABLE `timeline`
  MODIFY `id` int(10) UNSIGNED NOT NULL AUTO_INCREMENT;

--
-- AUTO_INCREMENT for table `users`
--
ALTER TABLE `users`
  MODIFY `id` int(10) UNSIGNED NOT NULL AUTO_INCREMENT, AUTO_INCREMENT=30;
COMMIT;

/*!40101 SET CHARACTER_SET_CLIENT=@OLD_CHARACTER_SET_CLIENT */;
/*!40101 SET CHARACTER_SET_RESULTS=@OLD_CHARACTER_SET_RESULTS */;
/*!40101 SET COLLATION_CONNECTION=@OLD_COLLATION_CONNECTION */;
